打脸且翻车,打脸且翻车是什么梗打脸且翻车，说的是一卖芒果的主播带货芒果却惨遭打脸，形成反向带货的名场面。打脸且翻车，是视频中主播给大家展示芒果，当场切开芒果以证明自己卖的货是最优秀的，结果切开的时候翻了车，芒果里面已经黑了……，他只好强行挽尊道：这种的，我们都是做肥料…于是，打脸且翻车这个梗就出来了。
延边八爪鱼,延边八爪鱼是什么梗延边八爪鱼，是最近在抖音火起来的一种舞蹈，这个舞蹈尤其魔性，没有统一的舞蹈规范，只需要像个章鱼一样晃动手臂就可以了。延边八爪鱼，是始于延边地区的10年左右流行一种舞蹈，因为跳起来摇头晃脑，四肢和躯干都要扭起来，但是又毫无章法，神似八爪鱼舞动触手，十分魔性。因为舞蹈始于延边地区，然后在抖音上火起来，引起了网友们的模仿，于是被网友们称为延边八爪鱼舞。延边八爪鱼，真正的名字叫宅舞，是起源于韩国的一个舞蹈，延边有很多朝鲜族，很多人在韩国那边打工，然后回来的时候就把这个舞蹈带回来了。称为宅
ball ball you,ball ball you是什么梗ball ball you，是网络用语，表示“求求你”的意思。ball ball you，ball是球的意思，谐音求，you是你，ball ball you逐字翻译就是： 球 球 你，谐音求求你。例句：高数真的太难了！ball ball you，放过孩子吧！
60e,60e是什么梗60e，谐音60亿，是英雄联盟中的一个梗，指的是英雄联盟战队WE拥有60亿的粉丝。我们知道全球人口也就60亿，也就是说全世界的人都是WE粉，也称之为宇宙粉。这是一个夸大其词的说法，表达的意思是其人气旺盛，拥有的粉丝数量也是很庞大的。当一个人对自己的偶像喜欢到了极致、疯狂甚至变态的地步，那多半就可以称之为60e了。60e这个热词发源于体育圈，深深影响娱乐圈，甚至蔓延到了电竞圈。因为WE的粉丝被称为“60E”，所以后来网友们便称OMG电子竞技俱乐部的粉丝称为“59E”，意为仅次于当年的W
输的什么液想你的夜,输的什么液想你的夜是什么梗输的什么液想你的夜，是近几天网友们被一句话给刷屏，那就是“输的什么液，想你的夜”。看到这句话，很多人第一反应就是土味情话。输的什么液想你的夜，这个梗其实是来自王思聪跟孙一宁的聊天截图，原话是这样的：“宝，我今天去输液了。输的什么液？想你的夜。”近日，王思聪与孙一宁网上互怼的事闹得沸沸扬扬，这一语录被曝光后，受到了网友们的疯狂玩梗。网友们的举一反三：宝 我今天去输液了&amp;nbsp;输的什么液&amp;nbsp;想你的夜宝 我今天去种地了 种的什么地 对你的死心塌地宝 我今天去吃面了
菜是原罪,菜是原罪是什么梗菜是原罪，是指实力差是最大的罪恶。全句为电子竞技，菜是原罪。菜是原罪，这句话出自英雄联盟职业选手草莓。2018年的夏季赛，WE战队接连失利，粉丝非常失望，很多网友指责WE是垃圾队伍。作为WE战队的老队员，草莓在微博是发表了这句话，表达了自己理解粉丝的心情，在电子竞技赛事中，成绩是最重要的因素。现在菜是原罪这句话可以用在各行各业，也可以用这句话鞭挞自己进步。
沉浸式约饭,沉浸式约饭是什么梗沉浸式约饭，是约饭的两个以上的人，各吃各的菜，各玩各的手机，不用应酬彼此，有那么些瞬间恍惚忘记对面还有一个或者几个一起吃饭的人，主要是这么各干各的还心里毫无愧疚。沉浸式约饭，是和无需回应式友情一样，心无旁骛吃东西，不用刻意表现和维系关系。沉浸式约饭，一般都是发生在熟悉的人之间，比如：夫妻、男女朋友，一家人、闺蜜、哥们以及经常聚会的同学、朋友之间。比如，和你亲近熟悉的亲朋好友约饭就可以各吃各的，埋头认认真真干饭。
还不曾去过倒悬山,还不曾去过倒悬山是什么梗还不曾去过倒悬山，指的是遗憾。还不曾去过倒悬山，出自烽火戏诸侯的玄幻小说《剑来》，其中有一段是：“人生路上有些事，不单单是男女情爱，其实还有很多的遗憾，就像一个人身在剑气长城（小说设定），却不曾去过倒悬山”。引申没去看过剑气长城之外的景象，心里遗憾。原文里说的是剑气长城距离倒悬山很近，都是身在剑气长城的人一辈子都没去过倒悬山。这其中的倒悬山并不是现实生活中的某座山，是虚构的。还不曾去过倒悬山，可以延伸为很多人忙忙碌碌一生却囿于原地，风景没有看过，人生就很遗憾
剧怒症,剧怒症是什么梗剧怒症，是指大家看到电视剧中超级不合常理的或者让人心塞的剧情时，会感到由内而外的愤怒，这种症状在看现代剧时更为明显。微博作者“小梅妮卡”在6月8日发微博称：我现在看到电视剧里刚毕业的主人公，家里也没矿，实习的时候就一个人住北上广市区里的大开间，我就开始愤怒。这大概就是剧怒症。类似的还有在医院里把白大褂当风衣穿、穿着高跟鞋在医院里噔噔跑。随着最近的使用，剧怒症已经泛化为指：看到剧里任何让自己不爽的剧情会很生气。
高街女帝,高街女帝是什么梗高街女帝，是现在网络上比较流行的一个梗，指的是一种拍照姿势，指从脖子部分开始从上向下俯拍，小腿向后弯，手肘藏在身体后，单手比耶的一种自拍姿势，这种拍照姿势被众多人玩梗。最近在抖音上火起来一些小姐姐的自拍照，风格是“高街女帝”。所谓的高街女帝就是目前在各大短视频平台上流行起来的一种女性拍照的姿势，就是从脖子部位往下拍，一边的小腿后翘，露出腰部和部分臀部，手肘藏在后面比个耶的姿势，主要这样自拍会显得比较显身材。高街这个词算是时尚圈的说法，英文“high street”这一词很直白，这个
希望你永远不懂,希望你永远不懂是什么梗希望你永远不懂，是网上有一个梗很火，那就是前面说一段很矫情的话，最后加上一句“希望你永远不懂”。希望你永远不懂，这句话的潜在意思是“希望你没有经历过我已经经历过的这些伤心事”，因为总是会有很多人分享一些自己觉得很难过的事、凄美的爱情故事或者一些矫情语录，最后加上一句希望你永远不懂。希望你永远不懂，这个句式本来的意思是希望某些未经世事的人们，能够了解一些他们还没有看到的经历。可是，后来这句话渐渐失去了原来的意思，其实就是矫情，或者说就是“网抑云”，故意说一些似是而非的话，其实都
肌肉金轮,肌肉金轮是什么梗肌肉金轮，是有一名视频up住通过AI换脸的功能将一位国外肌肉猛男的脸与LOL知名主播大司马进行换脸，不停的展示自己的身材，非常的sao，并且各种微表情都非常贴合，看起来毫无违和感。肌肉金轮，是因为大司马的名字带金，所以这位up主把这个结合的“产物”取名为【肌肉金轮】，于是这个梗就火起来了。
炸洗我了,炸洗我了是什么梗炸洗我了，也就是“炸死我了”的谐音。炸洗我了，这个梗出自一名视频作者【武连压】，这位视频作者在视频中模仿与知名rapper掰头的时候总是可以说出一些让人意想不到的韵脚，由于整段表演效果都很炸，所以观众不停发出“炸洗我了”的感叹，于是就有了这个梗的诞生。
运费过敏,运费过敏是什么梗运费过敏，是指网购的时候一看到有运费的商品就会浑身不舒服，像得了过敏一样，从而产生抗拒心理，东西贵了我会纠结买不买，你收我邮费我就直接不买!运费过敏，具体表现在可以忍受商家卖得贵，但是一定不能有运费。运费过敏，主要不是运费多少的问题，而是消费心理的问题。
社交工具人,"社交工具人是什么梗社交工具人，是指社交媒体中的工具人，他们的日常生活是帮平时说不上话的好友集赞、砍价、助力等。社交工具人，用于形容现代人淡泊的友谊,靠着关键时候互相集赞、助力而存在。点外卖、打车、双十一,这种抢红包的时候,我们都是社交工具人。朋友圈经常会出现集赞，帮我投票等需求，电商平台也有很多转发给朋友才能获取福利的活动，如拼夕夕的砍一刀、淘宝的人气助力等。平时在微信几乎没有交流，只有此类活动时才会联系你，如果你的手机里也有这种好友，那么恭喜你成为了Ta的社交工具人。"
北上广曹,北上广曹是什么梗北上广曹，是一种戏称，调侃曹县现在名声很大，经常被提及。&amp;nbsp;原本是北上广深，中国经济实力最强的四个城市，而曹县因为有很多快手主播总是喊“山东菏泽曹县牛逼666我的宝贝”而被人熟知，所以网友将曹县与北上广相提并论，调侃其名声很响。
谢谢你米哈游,谢谢你米哈游是什么梗谢谢你米哈游，是来自LPL的RNG击败DK获得了MSI2021冠军，很多LPL的观众都很兴奋，不少观众在弹幕上发送“谢谢你米哈游”，“原神立了大功”。米哈游是一家很出名的游戏公司，主要是经营二次元手游，他们公司出的《原神》是很火爆的。谢谢你米哈游，这个梗指的是DK战队辅助BERYL沉迷玩原神，在一定程度上导致输掉了比赛。在RNG拿到冠军后，不少玩家都在发送“谢谢你米哈游”，原神这回也是立下了汗马功劳。在MSI比赛中，根据韩网爆料beryl开赛前几小时还在沉迷玩原神，网友纷纷表示
privilege,privilege是什么梗privilege，是一个英语单词，名词、动词，作名词时意思是“特权;优待”，作及物动词时意思是“给予…特权;特免”。privilege，这个词火起来是由于微博上的一段“privilege”式发言在微博火出圈。开头一句就是:“既然提到privilege，那我来说说我的高傲在哪。”文中“我的高傲已经尽数体现”、“我们在有特权的环境学会了善良”等句子让一众网友感受到了世界的参差。这个微博文章表达了即使我们出身优越高傲，但是我们不自满还是很努力的思想。privilege，这个词
外卷,外卷是什么梗外卷，本指通过向外拓展新的资源的方式进行竞争，现在可以指大家互相拉着一起停止内卷。外卷，是和内卷对应，内卷是指在现有资源没有增加的情况下，参与竞争的人纷纷更加努力以获取资源，最终获取资源的人没有增多，但每个人付出的努力都增多了。外卷是指，通过向外扩张，开拓新的资源。拿切蛋糕举例子，内卷是指：大家争先恐后抢眼前的一份蛋糕，外卷是指找到一块新的蛋糕或者做一份新的蛋糕。因为现在内卷过于严重，大家都不想做一些多余的竞争，所以也会有人把外卷理解为：大家一起不努力，都放弃主动内卷。比如：要考试了，
蚝爹油,蚝爹油是什么梗蚝爹油，是英语“how dare you”（你们怎么敢）的谐音。蚝爹油“how dare you”，这句话出自一个瑞典的环保少女Great Thunberg在联合国气候大会上的一句话，how dare you是她非常愤怒的发言，因为她的想法比较天真，提的要求不切实际，所以这句话就被网友做成了表情包和梗。
曹县,曹县，该梗出自一个叫大硕的视频博主，他在一个视频中，用着一副沙哑的声音和喊麦的方式说出了一句让很多网友忘不掉的一句话，原话是山东菏泽曹县，牛B，666，我滴宝贝。这一波让很多网友接受不了，这样让这个梗牢牢的刻在网友的心中。曹县这个梗火起来之后，很多人都拿曹县来调侃，比如说曹县被大家称为北上广曹、中国的耶路撒冷等。很多网友都拿这个梗来调侃曹县，网友们不断地贡献着自己的脑洞，也助推山东菏泽曹县这一爆梗持续火热。
山东菏泽曹县,山东菏泽曹县是什么梗山东菏泽曹县，菏泽是山东省的一个市，曹县是菏泽市下面的一个县。山东菏泽曹县，作为一个梗火起来是因为最近刷抖音的话，最近应该经常会听到这句话，那就是“山东菏泽曹县666我的宝贝”。山东菏泽曹县这个梗出自一个叫大硕的视频博主，他在一个视频中，用着一副沙哑的声音和喊麦的方式说出了一句让很多网友忘不掉的一句话，原话是山东菏泽曹县，牛B，666，我滴宝贝。这一波让很多网友接受不了，这样让这个梗牢牢的刻在网友的心中。山东菏泽曹县这个梗火起来之后，很多人都拿曹县来调侃，比如说曹县被大家称为北
天黑啦天黑啦钓鱼的回家吧,天黑啦天黑啦钓鱼的回家吧是什么梗天黑啦天黑啦钓鱼的回家吧，是对钓鱼的人的嘲讽与调侃，表示已经看出这个人是在钓鱼，自己不会上当。钓鱼是指一种故意发布不当言论，吸引其他网友评论的行为。天黑啦天黑啦钓鱼的回家吧，出自网上流传的一首儿童诗《钓鱼》：天黑啦，天黑啦！钓鱼的，回家吧！你的妈妈在等你，鱼儿的妈妈在等它。
钢琴住了几个妖,钢琴住了几个妖是什么梗钢琴住了几个妖，是出自一段冷笑话，问题是“你知道阴气最重的地方是哪里吗？”，答案是“钢琴和邮箱”。这个答案的理由是：钢琴住了几个妖，邮箱住了几个魔。钢琴住了几个妖，邮箱住了几个魔，其实这是一个谐音冷笑话，谐音的是82版《西游记》片头曲——《通天大道宽又阔》开头的谐音（刚擒住了几个妖，又降住了几个魔）。住了妖魔鬼怪当然就阴气重了。
工业糖精,工业糖精是什么梗工业糖精，原本是指在工业上使用的糖精，一般用在食品工业做人工合成甜味剂使用。工业糖精，但现在经常被用来形容无脑甜的小说和电视剧，其中的情节就像工业上的流水线，全都按照标准的流程进行，没有自身特色和独立思考，通过融入一些很火的甜宠文的梗（因为这样逐渐变成了烂梗），也就是无脑跟风，达到为了甜而甜的目的，情节千篇一律，读起来味同嚼蜡，难以下咽。工业糖精文，就是那种为了发糖而发糖，一堆甜梗堆叠，甜得很生硬。
歪歪滴艾斯,歪歪滴艾斯是什么梗歪歪滴艾斯，其实就是yyds。歪歪滴艾斯，是缩写yyds&amp;nbsp;的谐音，意思是：永远滴神。(就是超级棒，无敌牛啤的意思)利路修在创造营节目结束后，接到了第一个商务，就是代言瑞幸咖啡。广告视频巨沙雕和魔性，他在广告里对每一杯饮料的评价都是：YYDS。因为利老师是俄罗斯人，所以他的口音让这句话更魔性了，就变成了：歪歪滴艾斯。
石头剪刀布倒着说,石头剪刀布倒着说是什么梗石头剪刀布倒着说，是表达我爱你的意思。剪刀是伸出两手指，在数字上代表2，石头是握拳形似0，在数字上代表0，布是手掌摊开，在数字上代表5，石头剪刀布倒着说，也就是025倒过来就是520，520就是我爱你的意思。石头剪刀布倒着说，可以用于情侣之间表达我爱你，也可以用于表白的场合。
卑微文学,"卑微文学是什么梗卑微文学，是继之前的“凡尔赛文学”走红后,现在网络上又出现了“卑微文学”，就是一种以“宝”为开头的舔狗式日记文学。最近网络上兴起了一股：“卑微文学”之风，“卑微文学”的套路可以对任何人，可以对情侣，对朋友，对老板等等。卑微文学的一个最大的特征是称呼对方为：“宝”，而且无论对方对你做任何事（包括打骂羞辱...），你都要从其中解读出来对方是在爱你、维护你、喜欢你，继而做出来对对方的所作所为的“感谢、感恩”之情。卑微文学实际就是一种舔狗式的文学，这些作者们往往有强大的心理素质以及强行自我"
人与人的连结,人与人的连结是什么梗人与人的连结，就是啪啪啪的意思。2021年5月19日，台湾高雄市长陈其迈在召开记者会时，在防疫问题上也使用了这个说法：针对“人与人的连结”部分，从万华的经验来看，这是一个非常高风险的部分，所以我也要求警察同仁，加强对“人与人连结”行业高风险的查缉。人与人的连结的说法，最早要追溯到台湾“流行疫情指挥中心”指挥官、卫生部门负责人陈时中2021年5月13日介绍的的新冠病例行踪情况。陈时中透露，“狮子王”曾造访台北市万华区某茶艺馆，然后与馆中一位确诊女子之间进行过“人与人的连结”。所谓
上班过敏,字面意思，指一上班就浑身难受，和过敏了一样，表达打工人不想上班的心态。
百合骑士,百合骑士是什么梗百合骑士，是指默默守护女生之间美好恋情的男士，除了提供必要的帮助之外丝毫不插手其中，并乐于见到两人的感情修成正果。部分百合骑士可能会不免对一方有所心动，但是合格的百合骑士会尊重女生的想法，即便有了特别的感情也会埋在心底，默默支持百合事业发展。例如：《马纳历亚密友》中的欧文就是百合骑士
胃疼剧情,胃疼剧情是什么梗胃疼剧情，是指一些看了使人胃疼的剧情。这里的剧情通常指动漫、游戏和其他ACG作品中男主在多个女主之间摇摆不定、无法抉择、我全都要的多角恋情节，观众们看到自己喜欢的角色被男主伤害的样子就会感到胃疼。
小脑袋瓜热昏头了,小脑袋瓜热昏头了是什么梗小脑袋瓜热昏头了，是歌曲《ben 10》开头的旁白，完整表达是“我看你的小脑袋瓜一定是热昏头了”，后面的歌词是“小小年纪，所向无敌，神秘超能力...”，是形容一个人脑袋不清醒的可爱说法。小脑袋瓜热昏头了火起来，是因为这首歌前段时间在抖音经常被当成bgm来使用，视频通常是展现一些可爱、沙雕以及莫名其妙搞笑的场景，因为和bgm很搭配，于是这类视频火了一阵。
小龙虾我们走,小龙虾我们走是什么梗小龙虾我们走，源自大家对小龙虾的喜爱，原本是：走，我们一起去吃小龙虾！但，90后的文化我们看不懂，他们将词倒装，成为：小龙虾我们走！小龙虾我们走，也很容易让人想起之前的“皮皮虾我们走”的梗。小龙虾是一种吃客文化，风靡全国。小龙虾我们走表情包刚一上传，马上被大家疯传。随着小龙虾我们走的这套表情包大热，小龙虾也被众多神通广大的网友拿来调侃或是发挥更多的奇思妙想。比如说:&amp;nbsp;小龙虾我们走，一起去找个男/女盆友。
两面包夹芝士,两面包夹芝士是什么梗两面包夹芝士，其实是“两面包夹之势”的谐音。两面包夹芝士，这个梗来源于b站的up主：“一只大哈鱼”，发的“3000块全没了！各位喝醉了一定要管好自己，我真服了！”的视频。其中的经典句“形成一个两面包夹之势”成为了“两面包夹芝士”的梗开始快速传播。在“一只大哈鱼”因为醉酒而怒氪限定卡池3000块的事情持续发酵后，不少明日方舟玩家都加入到了吃瓜的阵营中来。作为反映了当下游戏玩家生活和心态的真情实感，视频中的“两面包夹芝士”、“为斯卡蒂献出心脏”等“醉话”也在不经意间成为了游戏的新经
感谢联通,感谢联通是什么梗感谢联通，是指B站弹幕中的“感谢联通”，并没有什么特殊含义，代表的就是字面意思感谢“中国联通”。感谢联通，这是因为中国联通蓝V在B站上第一个尝试发布的二次元风格的舞蹈，并获得了大量关注后，各大蓝V争相效仿后观众们的真心感谢。感谢联通常见于哔哩哔哩的宅舞区榜单各大国企蓝V的投稿。一般有蓝v发视频，一些用户就会发这个梗，借此来调侃联通给大家带来的福利。
中国人的八大原谅,中国人的八大原谅是什么梗中国人的八大原谅，是指在湖南卫视的《向往的生活5》更新的第二天，黄磊的热门话题“中国人八大原谅”被挂在了热搜榜上，引起了不少网友的围观跟热议，看了才知道黄老师又出人间真实精辟语录了，实在是太有梗了。中国人的八大原谅，是在综艺节目《向往的生活》里有一幕，节目组安排嘉宾在凌晨两点去仓库抢购生活用品。彭昱畅半夜起来后，困得不行，黄磊心疼他，建议他回去接着睡，彭昱畅表示：“算了，来都来了，得拿东西。”黄磊笑称：“来都来了、都不容易、都是朋友、是个孩子、大过年的......这都是中国
夏天的第一个冰淇淋,夏天的第一个冰淇淋是什么梗夏天的第一个冰淇淋，这是情侣之间秀恩爱而产生的，意思就是夏天到来，情侣之间需要给对方发送一个大大的红包，让自己的对象吃上夏天的第一个冰淇淋。夏天的第一个冰淇淋，这个梗最早是去年秋年的时候有一个“秋天的第一杯奶茶”而产生的，所以类似的说法有不少，一年四季都可以沿用。
就是玩儿,就是玩儿是什么梗就是玩儿，是最近抖音上面又开始流行起了一种新的文体官方命名为：“我就是玩儿体”。最近在刷抖音的时候，大家应该都刷到过类似的事情，一个人说什么事情，最后来了一句“哎～我就是玩～”。“我就是玩儿体”，拆解成固定格式就是：有XX 我不XX 我就XX 哎 就是玩儿就是玩儿，这个梗最早是来自博主宋富贵，在他所拍摄的短视频里面就包括了点了拌面偏不动筷子等着坨，下雪天不打雪仗，吃雪球等趣事，而伴随着这些梗出圈，于是网友们纷纷开始造梗，呈现出一种反差的喜感，造的梗越是无厘头喜剧效果越是出色。比如说
眼睛里进砖头了,眼睛里进砖头了是什么梗眼睛里进砖头了，形容特别地感动想哭，不是直接说想哭，是委婉表示。眼睛里进砖头了，是因为人们感动时常用“眼睛里进沙子了”来表示自己想哭，而当大家遇到更加感人的事情，觉得眼睛里进沙子了不足以表达感动时，便衍生出了眼睛里进砖头了一梗。眼睛里进砖头了，常见于令人感动的视频下的评论。同样的，还有眼睛里进泥石流了、眼睛里进沙尘暴了等，皆同义。
别叫我达芬奇1分17秒,别叫我达芬奇1分17秒是什么梗别叫我达芬奇1分17秒，这个梗的意思就是暗戳戳的表白。《别叫我达芬奇》是王琳凯的一首歌，歌曲的1分17秒的歌词是“要不要和我在一起”。所以如果有人让你去听这首歌的1分17秒，也就是跟你表白，问你要不要和他在一起。
人间的青草地需要浇水,人间的青草地需要浇水是什么梗人间的青草地需要浇水，是你被绿了的另一版本。人间的青草地需要浇水，出自方大同的一首歌《每个人都会》，其中有一句歌词是：人间的青草地需要浇水，内心的花园就不会枯萎，把最甜最好的滋味，散播到东南西北。人间的青草地需要浇水这句话有了衍生意义，是因为经常有博主在视频中插入这一段歌词，搭配的视频内容通常是有人被绿了，而青草地就是绿色的，所以整个画面很喜感。于是“人间的青草地需要浇水”现在也成为了“你被绿了”的代称。
培里培气,培里培气是什么梗培里培气，指的是一种视频风格，随着风格的爆火，很多主播开始学习，慢慢就有了这个梗。培里培气，出自一个美食博主“培根日记”，是指风格和视频作者@培根日记类似。培根日记是一个美食类视频作者，他每个视频都是在车里吃播，整个环境很简约、光线柔和，吃播过程也很安谧，没有过多的语言，全程只有必要的声音，比如喷消毒水、撕掉食品包装袋、吃东西的声音等，加上轻音乐做背景音乐，整个视频非常地治愈，受到粉丝喜欢，也引起了很多人的模仿。@培根日记的视频风格被网友概括为“培里培气”，模仿其风格拍摄视频的作者
社会内卷化,社会内卷化是什么梗社会内卷化，是指近年来越来越多的人发现工作竞争压力越来越大，很多人被迫付出的时间和精力越来越多，得到的回报却没有明显增加乃至有的越来越少，生活压力越来越大，很多人感到活得越来越累，一些人把这种现象叫做社会内卷化。社会内卷化，通俗一点解释就是：争抢式努力和过度竞争。当某一种社会资源有限，但争夺它的人越来越多的时候，每个人得到的都越来越少，却付出的越来越多，活的越来越累。社会内卷化，给人一种恐慌的感觉，大家在恐惧的驱使下，竭尽所能争夺资源，可是资源有限，大家越是争夺，资源损坏越大，甚
笑死了但没完全笑死,笑死了但没完全笑死是什么梗笑死了但没完全笑死，是超级好笑（但我还活着）的意思。“笑死了”字面意思是我因为大笑太狂野以至于嗝屁了，但实际意思是夸张表达我觉得太好笑了。所以看起来我因为这个事情实在好笑而“笑死了”，实际上我还活着并没有真的被“笑死”。笑死了但没完全笑死，这个梗来源于：打开了但没完全打开，原梗的意思是盒子并没有真的被打开，所以这里也是表达人并没有真的笑死。
加拿大的海没有岸,加拿大的海没有岸是什么梗加拿大的海没有岸，原句是：缅甸不会下雪，金三角也不会有爱情，加拿大的海也没有岸——你我也不会有结果。原句其实就是想表达你我就像缅甸和雪、金三角和爱情、加拿大的海和岸，永远也不会有交集和结果。缅甸并不是不下雪，是大多数地方不下雪。金三角指泰国、缅甸和老挝三国边境地区。金三角的爱情出自蔡依林的一首歌《金三角》，歌词是在引领人们探索泰缅地区的爱情，金三角在歌词里是一个传说中的神秘诡异区域（现实中不存在）。加拿大的海没有岸，加拿大在这里不是指国家加拿大，而是一个赌博平台的名字，但大
丫头文学,丫头文学是什么梗丫头文学，指的是一些平凡自信的男人在强行吸引女孩子注意的时候说的话，当你拒绝别人的追求时，对方往往会转移话题，并把话题转化成“她是不是对我有意思”。丫头文学起源出处微博上有博主发布了一些聊天截图，记录了一些平凡自信的男人强行吸引女孩子注意的行为。其中有一个妹子平安夜的时候给一个男生送了一个苹果，这个男的表示自己有老婆了，要不然会对她心动的。不过，他还是可以抽两个小时陪她过小孩子喜欢的洋节。女生表示她只是给每个人都送了一个。男的认为她嘴硬，说“丫头别嘴硬了，眼神不会说谎的”。丫头文学
心疼giegie,心疼giegie是什么梗心疼giegie，来自抖音用户悦悦大叔的视频，视频中一个坐在电瓶车后座的女孩用很嗲的声音扮演绿茶，最后扭捏的叫哥哥(giegie)成为了梗的恶搞来源。&amp;nbsp;giegie视频台词哥哥，你给我买这个棒棒糖，你女朋友不会生气吧？哎，真好吃，哥，你尝一口，（大吸气），哥哥！！咱俩吃一个，同一个棒棒糖，你女朋友知道了不会吃醋吧？哥哥，你骑着小电动车带着我，你女朋友知道了不会揍我吧？你女朋友好可怕，不像我，只会心疼giegie~
逆天邪神更新了,逆天邪神更新了是什么梗逆天邪神更新了，简单的说，因为这本小说更新了是件比过年还要激动的事。也是一种钓鱼弹幕。骗人去看，和骗弹幕回复。逆天邪神更新了出处逆天邪神是一部很受读者喜欢的小说，无奈更新速度太慢，以至于小说更新了比更新了什么内容更加吸引读者注意力。
皮筋泡可乐,皮筋泡可乐是什么梗皮筋泡可乐，就是我们永远不分开的意思，是恋人之间的小情趣。&amp;nbsp;皮筋泡可乐出处该梗最初来自抖音女朋友给男朋友戴上自己扎头发的小皮筋来宣示主权的风气，手上戴有小皮筋的男孩子就是有对象的男孩子了。而小皮筋泡在可乐里会出现化学反应，失去韧性，这样取下来就不能再戴上去了，所以可千万不要取下来。意思就是永远戴着我的皮筋当我的人吧！
恒河猴,恒河猴是什么意思恒河猴，本指普通猕猴，现常指童年存在创伤，缺失爱和陪伴，余生都无法摆脱影响的人。恒河猴出处出自心理学家哈里·哈洛及他的实验。他为研究婴儿时期亲密关系对人类的影响，经常使用恒河猴进行一些不人道的实验（统称恒河猴实验），如代母实验：将幼猴与两个玩偶猴妈妈关在一起：一个用绒布做成，另一个是铁丝和奶瓶做的。即使铁丝猴母能提供食物，但幼猴还是亲近温暖的布猴母。2020年8月，微博博主@荞麦chen发出一份她收到的私信，对方描述了自己在缺失爱的家庭生活中的境遇，末尾她写“拯救恒河猴的事业，就从
这是你家高粱饴吗,这是你家高粱饴吗是什么梗这是你家高粱饴吗，是最近在抖音上爆红了一个这是你家高粱饴吗的梗，在抖音平台火了后成为了一种洗脑的带货方式，甚至成为很多网友的口头禅。这是你家高粱饴吗，出自抖音博主侯美丽的家乡美食，主要卖高粱饴糖，她的每个带货视频套路都如出一辙由于表情之浮夸，拉的丝之长，让人直夸一声好颜艺，引起了很多网友们的模仿。于是，这是你家高粱饴吗，靠“洗脑”、“魔性”成功出圈。经典对话如下：顾客(大吼)：这是你家高粱饴吗?博主：大哥你小点声，吓我一跳，等会儿我先尝尝。(尝一口)，这哪是我家高粱饴啊，硬
成人的世界没有愚人节只有Q2,成人的世界没有愚人节只有Q2是什么梗成人的世界没有愚人节只有Q2，是2021年4月1号的今天朋友圈最真实的一句话莫过：成年人的世界没有愚人节，只有Q2。今天是2021年4月1号，往年的愚人节，朋友圈最多的是一些整蛊，调侃，或者借机表白的段子。今年的愚人节，显得有点特殊，又有点独树一帜。今天朋友圈成年人的世界里没有愚人节只有Q2这个词成为了热门。Q2，来源于英语Quarter 2，是它的缩写，通常指一年的第二个季度，代指工作指标。2021年Q2指的时间是 2021年4-6月份，第二季度。3个月一个季
于是转身向山里走去,于是转身向山里走去是什么梗于是转身向山里走去，这原本是歌曲《山海》中的一句歌词。后来经过网友的使用，于是转身向山里走去这个梗成为了一句表示自己恐同的话。因为恐同谐音崆峒(山)，于是大家在遇到耽美剧粉丝疯狂磕糖的时候，可以用于是转身向山里走去这个梗表示自己的心理。
什么是快乐星球,什么是快乐星球是什么梗什么是快乐星球，出自《快乐星球5》男主带小帅(马嘉祺饰演，现为时代少年团成员)在第五集中表演的说唱里的一句魔性歌词。“什么是快乐星球”这首歌相信很多小伙伴在刷抖音的时候都有看到过。马嘉祺在唱这首歌的时候，看似不在调上但又感觉在节奏内说唱，所以显得十分魔性。其中高潮部分这句“什么是快乐星球”，透露出一种土味十足的非主流中二气息，让人听过一遍就不能忘怀。什么是快乐星球？如果你想知道什么是快乐星球的话我现在就带你研究
giegie,giegie是什么梗giegie，其实就是哥哥的意思，是用比较嗲的声音喊出来的。giegie，出自抖音一个女生的视频，在视频里这个女生用很嗲的声音假装绿茶，把哥哥喊成giegie。
基金牛蛙,"基金牛蛙是什么梗基金牛蛙，是最近一个神奇的物种火速窜上热搜：“基金牛蛙”。图片显示是一只身披红色外皮的青蛙在喊着“牛哇、牛哇、牛哇......”。该“物种”充分展现了年轻的基民们对基金翻红的美好期待和向往。基金牛蛙，这个梗的出处是有位网友在网上放出一段聊天记录，是他的一位朋友给自己点了一只【基金牛蛙】，与“牛哇”同音，寓意基金越来越牛。而且原本悲伤蛙的是绿色的，为了讨个好彩头，改成了红色，寓意是希望网友的基金不再绿，红起来。这组红色牛蛙祈福图片火了,红红的牛蛙祈福,寓意着基金翻红,牛市不断。基金和"
嘉禾望岗,嘉禾望岗是什么梗嘉禾望岗，本是广州地铁的一个车站的名字，本站是广州地铁每日服务时间最长的车站。嘉禾望岗，在抖音上火起来是因为它是一个有故事的地铁站，也会有很多人来这里拍抖音视频打卡纪念。 有人说因为嘉禾望岗它代表着青春的分道扬镳，地铁站附近有很多学校，学校的情侣在这里分手后大概再也见不到了。而且因为地铁站一边通向火车站，一边通向飞机场，很多人在此相遇别离可能就此生再也见不到了。也有一种说法是嘉禾望岗站人流量很大，许多上班族在这里急匆匆的上上下下，奔赴自己的梦想，于是这里成为了很多人的回忆。广州的嘉
人间破壁机,人间破壁机是什么梗人间破壁机，是指一个人很厉害，可以破除不同领域之间的隔阂，得到不同圈子的认可。人间破壁机，这里的壁是把不同圈子之间的差别比作墙壁，当一个人能无视壁涉及多个圈子，在多个圈子发展或得到肯定，就可以被称为人间破壁机。
姜还是老的rua,姜还是老的rua是什么梗姜还是老的rua，其实想表达的是姜还是老的辣的意思，因rua的发音被众多网友玩梗。姜还是老的rua，出自选秀节目《创造营2021》的选手陆定昊的经典发言：“这个世界有圣诞老人，有月下老人，还有我，回锅老人。今天我要让你们知道姜还是老的rua——”。这句魔性发言也令部分网友感到好笑，于是渐渐在各处引用这句话。例句：姜还是老的rua，你属实有点尬。姜还是老的rua ，你大娘还是你大娘
洛阳铲,洛阳铲是什么梗洛阳铲，网络流行词，原为一种考古盗墓用具。洛阳铲，在某些方言里是一句骂人的话，在某些方言里，“给你一洛阳铲”是一句骂人的话，描述一种“挖你祖坟”的仇恨心情。但在中文网络社区中，“吃我洛阳铲”或者类似表达，指的是将掉到较为靠后位置的帖子顶到首页或其他用户容易看到的位置上去。例句：楼主吃我一记洛阳铲
感情是对抗路的大忌,感情是对抗路的大忌是什么梗感情是对抗路的大忌，这个梗是诞生自一位游戏博主，抖音最近评论区经常看到有人说，感情是对抗路的大忌。感情是对抗路的大忌，该梗出自游戏主播【是一只鱼】，他曾说过：“众所周知，感情是对抗路的大忌”，结果却被网友发现在一名为“铁岭县刘辉商店”的美女主播视频下疯狂评论，亲热互动，终究违背了自己的“至理名言”，被网友戏称为“鱼迷失在了商店”。 并由此衍生出的一句脍炙人口的话“我站在商店，连对抗路都看不清。”结果就是游戏连跪，掉出国服，用亲身经历证明了，感情果然是对抗路的大忌。他在近期
嘎嘎以嘎斯,嘎嘎以嘎斯是什么梗嘎嘎以嘎斯，是东北话，东北原本有一句方言便是“解嘎斯”，这句话的意思是指是过瘾、痛快的意思，嘎嘎表示程度，连起来就是特别的过瘾、舒服。“嘎嘎解嘎斯”是指非常过瘾很开心的意思。嘎嘎以嘎斯，出自新《欢乐喜剧人》中田娃对“嘎嘎以嘎斯”的解读，用他人帮自己挠痒痒很“解嘎斯”举例解释了该词的意思。《欢乐喜剧人》中的小品《同学会》，在这期节目中，田娃为大家带来的作品非常的有趣。一开始，田娃参加同学会为显低调，把西装换成了以前的旧衣服，从田总变回学生时期的田大坑，面对老同学三哥竟要向自己的媳妇
岚语,"岚语是什么梗岚语，是最近在抖音又掀起了一阵“岚语”，从之前的郭言郭语到现在岚语，网友们玩得越来越嗨了。岚语，是一种新兴的现代语言流派，创造人为网络视频作者五十岚上夏，语言发音要点就是用说英语的方式说中文。岚语，出自抖音博主“五十岚上夏”，他发布的视频中的语调使得好好的普通话带上了英语听力内味儿，着实有些魔性。岚语，就是指像五十岚上夏说话一样带着英语味儿的语言，像“啧，你干什么”是“Bze nim gansmer”,&quot;有什么了不起&quot;是“Usmer Lobbach”。说出来是不是就有内味了。当然这"
墨西哥牛油果,墨西哥牛油果是什么梗墨西哥牛油果，该梗出自国外的一则卖牛油果的广告。因为广告中的歌曲十分欢快，其中一句“Avocados From Mexico（墨西哥牛油果）”重复洗脑，被很多外国网友用来制作鬼畜视频。后来“墨西哥牛油果”经过抖音作者“@MELANIE”的魔性演绎，也被很多的国内网友熟知，所以就有了“墨西哥牛油果”这个梗。
油条cp,油条cp是什么梗油条cp，指的是电视剧《山河令》中的温客行和周子舒的cp名。在电视剧中周子舒说自己做了很多坏事，死后一定会下油锅。温客行表示自己会陪他，“咱们俩捻成一根油条，岂不是香喷喷美滋滋”。因此磕到糖的网友给两位主角起了个油条cp名。
每个人身上都有毛毛,每个人身上都有毛毛是什么梗每个人身上都有毛毛，是一首非常魔性洗脑的歌《毛毛歌》，原唱是张帝。出自抖音萌宠视频博主@木子小队长，完整歌词是“每个人的身上都有毛毛~让我为你唱毛毛~到底我们身上有些什么毛~让我唱给你们知道”，通常搭配的画面是炸毛的小猫咪或者别的宠物，因为这个BGM是全人声献唱，且带有一点广西腔，听起来真的相当魔性，基本属于只要听一遍，脑子里转一天的程度。每个人身上都有毛毛，被这个刷屏的原因是抖音上很多晒猫狗的视频使用它作为bgm。
赘婿吉吉国王,赘婿吉吉国王是什么梗赘婿吉吉国王，是最近电视剧《赘婿》大火，其中赘婿吉吉国王这个梗火起来了。但是肯定有些不知道这个梗的小伙伴看到后一头雾水。最早的吉吉国王这个称呼来自《熊出没》这部动画片，里面的一只猴子就叫做吉吉国王。然后最近大火的电视剧《赘婿》里的苏文兴可以算是搞笑担当，由于他的各个表情都特别像《熊出没》里的吉吉国王，所以网友们就给他取了一个外号吉吉国王。赘婿吉吉国王就是用来调侃赘婿里的苏文兴长得像吉吉国王。
背后的原因却很暖心,背后的原因却很暖心是什么梗背后的原因却很暖心，是网友们发现，在很多新闻事件的标题后，总有背后原因却令人暖心这句话。无论什么样的新闻，媒体总能编出背后很暖心的转折，这样的使用频率，与之前很火的UC标题党很相似。于是网友们不管什么事情，都会发上这句话，表示自己对这类标题党的不满。如：郑爽代孕弃子，背后的原因却令人暖心；郭子猿鸣三声，背后的原因却令人暖心等等，非常的万能。网友们纷纷戏谑道“全球变暖的真正原因找到了”，就是“背后的原因很暖心”。这两句丝毫没有逻辑的语句变成了网络热梗。
笋都被你夺完了,笋都被你夺完了是什么梗笋都被你夺完了，是在刷抖音的时候经常看到的抖音热梗，其实该梗并没什么意思，而是一个谐音梗，笋=损。笋都被你夺完了，这个梗的意思就是：你真的很损，表示的含义是说某个人的行为很损，是一种调侃的意思。笋都被你夺完了是时下最为热门的一个梗，而究其源头出自中文的谐音，比如多损啊的谐音为夺笋啊。还有一些由夺笋衍生出来的梗，比如：笋都被你夺完了。你真的是笋妈妈敲门，笋到家了。
咒力没用完可以放冰箱吗,咒力没用完可以放冰箱吗是什么梗咒力没用完可以放冰箱吗，这是两个不同文化的一个梗的结合，此梗是动漫《咒术回战》和主播王雷卖鱼哥之间的梗。咒力没用完可以放冰箱吗，是用来调侃《咒术回战》的一个人物五条悟和王雷很像的梗，因为卖鱼哥在直播间中总会被一些网友问一些很无厘头的问题，比如你的三文鱼片可以游泳吗，你卖的自行车可以开到120码吗等等让人没有办法回答的问题，所以此梗就被联合起来调侃，咒力没用完可以放冰箱吗，放到冰箱里还可以拿出来用吗等等调侃的意味。
全国人民都看得到,全国人民都看得到是什么梗全国人民都看得到，是在微博、豆瓣、贴吧、知乎等公众平台上博主/楼主/答主发布的一些内容，因为比较容易“社会性死亡”或者内容比较小众，不适合放在光天化日之下时，网友们的调侃类评论“请你自重，全国人民都看得见”。全国人民都看得到，出自网上问医的聊天记录，由于问诊者说话太过骚气露骨，被医生警告：请你自重/全国人都可以看到。
费拉不堪,"费拉不堪
由英文单词演化而来，通常形容（调侃）民族，文化，帝国遭受失败后一蹶不振的状态"
这里是缅甸北部,这里是缅甸北部是什么梗这里是缅甸北部，该梗出自一本经典网络小说《插翅难飞》，男主说的话，“这里是缅甸北部，我生长的地方，欢迎来到我的世界，娇贵的小公主”。后来由@树一进行配音，抖音上很多视频都用这个配音音频，因此火起来了。
龙丹妮倍儿牛,龙丹妮倍儿牛是什么梗龙丹妮倍儿牛，该梗出自马伯谦和翟潇闻、张颜齐、伍嘉成参加的综艺《快乐大本营-站稳了朋友》，在出场前每个人都拿着喇叭吹捧自己的公司，马伯谦用十分魔性的声音说道龙丹妮，倍儿牛～让人听完一遍就欲罢不能，简直不要太魔性了。
闹挺大,闹挺大是什么梗闹挺大，该梗是一首打油诗的题目，据说该诗来自反二次元吧，是用来嘲讽二次元的。中心思想即：二次元害人不浅呐！小心二次元呐，一边嘲讽着二次元，一遍用着二次元的头像，这就是二次元吧，爱了爱了这大概就是对二次元爱的深沉吧，在反二次元吧里用荒谬的事实污蔑二次元，看起来反而是在为二次元洗刷荒谬的罪名。
伤害性不大侮辱性极强,伤害性不大侮辱性极强是什么梗伤害性不大，侮辱性极强，是近期常见于评论区的回复，指的是某人的言谈举止，并未对他人造成任何实质性物理伤害，但无形中却造成了巨大的精神暴击。伤害性不大，侮辱性极强的意思有点类似于：“扎心了”。有些话乍听之下，态度礼貌用词文明，听起来没什么攻击力，实际上却极具嘲讽性，杀伤力满分。伤害性不大侮辱性极强的文案句子：能不能把你的花呗余额截个图发给我，我朋友问我借钱。咦，你脸和脖子咋不是一个颜色？没事哥，拧不开算了，我不喝了。本店不支持蚂蚁花呗&amp;nbsp;你天天加班赚很多钱了吧我从
炒冷饭,"注：本词条的主题不是「烹饪」。
炒冷饭通俗来说就是考古和炒作。
例：A与B发生了争执，于是A挖出了B的一个黑历史并进行炒作……
炒冷饭具有一定的攻击性，不建议高频使用。"
中了抖音的毒,中了抖音的毒是指一些年龄比较小的用户，在长时间使用「抖音」APP后，对其中的视频内容进行模仿的一种现象，模仿主要表现在语言上。这样的症状与神经中毒有些类似，故被网友们成为中了抖音的毒。
精苏,"愿意指江苏米粉，后被尝用来表示苏联的狂热粉丝。
例：小明特别喜欢苏联的武器，自称是个精苏。
后来一发不可收拾，又出现了精日、精德、精清、精明等等。"
肉蛋奶警告,「肉蛋奶警告」是指科普账号「回形针Paperclip 」在2018年3月21日与「世界自然基金会」合作发布的视频：「如何快速消灭巴西森林」中提到：「我们（中国人）的肉蛋奶消费却可以实实在在影响巴西森林的存亡」，引发争议。视频中，包含大量呼吁中国人少吃肉的语句，故被网友们成为「肉蛋奶警告」。
太好孝了,太好孝了是什么梗太好孝了，意思是太好笑了，之所以用孝来代替笑，是因为令人发笑的这件事是“孝顺行为”。为什么打上引号呢?因为这些孝顺行为并不是对父母长辈的孝，而是对偶像的“孝”，本质上是一种过度崇拜。太好孝了的“孝”，轻则是表现在对偶像的无脑吹捧，重则是在把偶像的位置放在父母之上。现在网友们在评论一些好笑的事情时，有的会用到“好孝”这个梗，例如“太好孝了”“孝死我了”“你孝起来真好看”&quot;看不见你的孝我怎能睡得着&quot;。
原年人,原年人是什么梗原年人，就是指“原地过年的人”。原年人，疫情期间的春节到来之际，为减少大规模人员流动，全国各地都提倡，条件允许情况下留在工作所在地过年，新词“原年人”应运而生，成为继“打工人”之后的全民热词。
盒马配送员,盒马配送员是什么梗盒马配送员：用来委婉地告诉别人“你菜到家 ”。近期PDD、大司马直播间新 “你好，我是盒马配送员，刚才电话你没接，我想告诉你，你菜到家了 。&amp;nbsp;后来网友通过自称“盒马配送员”示对方太菜了，幽默且不伤和气，暗屡试屡爽。——微博@语文指挥中心
亲爱的周游,亲爱的周游是什么梗亲爱的周游，是最近在刷抖音的时候，经常看到一些视频，标题都是“亲爱的周游”，还有在评论里，也会看到“亲爱的周游”。周游，最早是一个叫故野的女孩子写的随笔，在这里，周游不仅仅代表一个人，反而是可以代表任何人。周游可以是你心中所念之人，可以是另一个你，可以是你错过的人，你觉得周游是谁周游就是你的谁。简单来说，这个名字就是一个符号，这个符号的背后是一个鲜明的人。你可以不用暴露他的隐私和特征，就可以写下想说的话。现在的信息这么发达，有的人明明想说很多话，但是却不敢发在网上，又想记录下来，
被邻居大妈支配的恐惧,被邻居大妈支配的恐惧是什么梗被邻居大妈支配的恐惧，这个梗的意思其实是很明了的，就是在茶余饭后，也许你的一些事情就已经成了大妈们的谈资了，在你认为无所谓的话题上，大妈们聊的风生水起，唾沫横飞。在上网冲浪的时候能看到各大交流网站上出现了被邻居大妈支配的恐惧的评论。被邻居大妈支配的恐惧这个梗来自于最近的一个抖音短视频，视频中，两位奶奶聊着聊着别人的私事，窃窃私语的有点搞笑。后来，这一个视频被网友添油加醋了一顿，在视频中添加了一些文字。添上字的视频和图片看上去更加的生动有趣。
店无书砸,店无书砸是什么梗店无书砸，即书店里没有您的书，我就把书店给砸了的缩写，通常表示此人言论极其精彩。店无书砸，多出现在b战评论区里的对话之中，因为某些人的评论十分亮眼，此话用于表达对这些神评的推崇。
小美我的美,小美我的美是什么梗小美我的美，是短视频博主溺满的搞笑段子，在视频中，他和室友扮成恋人的段子非常搞笑，因此吸引了不少网友们的关注。小美我的美，这个梗出自抖音博主溺满，溺满和小美的爱情故事是他和室友配音演出的搞笑段子。视频中，他深爱着小美，而口头禅就是小美小美我的美，但没有想到的是小美是个男人。王者荣耀里面有孙尚香这个英雄，孙尚香的游戏语音里面有一句话：“本小姐，是废墟中唯一的信仰。”而溺满在视频中，他深情喊话：小美才是废墟中唯一的信仰，这段视频既搞笑又荒唐，吸引了很多人的关注。在那之后，就开始有人用
蚌埠住了,"蚌埠住了是什么梗蚌埠住了，即绷不住了的谐音。蚌埠：bèng bù&amp;nbsp;蚌埠住了，这是一个谐音梗，贴吧常用，用来形容自己情感上受到了较大冲击，快撑不住了要哭/要笑了等。成年人或者未成年人的崩溃都是一瞬间的,没准哪个瞬间就想哭了,所以这个时候就可以使用“蚌埠住了”。现今大家的压力都是非常大的，都喜欢上网来冲刷压力，因此经常可以在网上看到大家评论回复“蚌埠住了”这个词来表达生活中不如意的事情。"
人间造妈机,人间造妈机是什么梗人间造妈机，是形容某个明星很可爱，收获了大批想当她妈妈的粉丝，因为吸妈粉的能力太强，仿佛一个自动吸妈粉机器，所以称他为人间造妈机。人间造妈机，常用于粉丝夸自家偶像可爱的时候。
幸好我不识字,幸好我不识字是什么梗幸好我不识字，最初是在遇到秀恩爱的内容时，被秀到的人们所作出的反应，一句幸好我不识字表现出一种不想看到秀恩爱时装不明白，自我逃避的情绪。幸好我不识字，现在在遇到不想看到的内容时也可以这么说。
饭锅炸了,饭锅炸了是什么梗饭锅炸了，也叫作饭锅爆炸，指编的故事过于离谱，假到让人听不下去了。饭锅炸了，该梗来自贴吧，某吧曾有一位叫煮饭婆的吧友，非常爱编故事，后来吧友们把爱编故事、编料的人统称煮饭婆。煮饭就是编故事，饭锅爆炸就是太假了编不下去了，还有补锅就是又圆回来了，女娲补锅就是把有明显逻辑问题的非常假的故事也圆回来了，且圆得很好。
饭锅爆炸,饭锅爆炸是什么梗饭锅爆炸，也叫作饭锅炸了，指编的故事过于离谱，假到让人听不下去了。饭锅爆炸，该梗来自贴吧，某吧曾有一位叫煮饭婆的吧友，非常爱编故事，后来吧友们把爱编故事、编料的人统称煮饭婆。煮饭就是编故事，饭锅爆炸就是太假了编不下去了，还有补锅就是又圆回来了，女娲补锅就是把有明显逻辑问题的非常假的故事也圆回来了，且圆得很好。
印尼的雷,印尼的雷是什么梗印尼的雷，本来是印尼的天气频繁打雷的意思，现在是粉丝自我调侃是印尼的雷，也是大家对一个人表示不满的方式，很讨厌一个人的话就下单印尼的雷给他。印尼的雷，是近段时间由董子健和倪妮主演的新剧《流金岁月》正在热播，董子健在剧中饰演的谢宏祖人设遭到一众网友的吐槽，不仅懦弱无能被称是妈宝男，还背叛朱锁锁，被骂是渣男，尤其是最新剧情里谢宏祖迫于妈妈的压力，无奈与朱锁锁离婚了，令网友们气到肝疼，对谢宏祖无限失望。因此最近看了流金岁月的人，都想要召唤印尼的雷来劈死谢宏祖了，以至于印尼的雷都缺货了。在
前方低能,前方低能是什么梗前方低能，来源于【非正式会谈】主持人大左的名言，意思是：接下来那个人可能要做一个比较蠢的行为。例如，在看视频时.我知道这个人接下来要做一个傻傻的行为，所以我发了一个弹幕——前方低能。
深圳女孩,深圳女孩是什么梗深圳女孩，指那些每次聚会不聊八卦不吹水，都是在聊如何“搞钱”的深圳女孩，买房/炒股/ 基金/项目/副业....“说我没人要可以，但不能说我赚不到钱!”深圳女孩，泛指一心只想搞钱的女生。由于深圳打拼的女孩儿们给外界的印象都是，聚会一般只谈怎么搞钱和怎么搞更多的钱，深圳买房的人当中超过一半都是女性，且在深圳女性创业者很多等等。爱情哪有搞钱重要！所以，之前大家用搞钱来形容深圳女孩，现在用深圳女孩来形容搞钱。例句：以前我以为我只是个平平无奇的爱搞钱的重庆女孩儿，现在才知道原来我是一个地地道
小丑竟是我自己,小丑竟是我自己是什么梗小丑竟是我自己，最近这个梗火了起来，很多网友都在玩这个梗。小丑竟是我自己，多用来指舔着脸尽力讨好别人自己却得不到任何回报和问候。比如某男生特别喜欢一女生（舔狗），到头来发现自己什么回报也得不到，像个小丑一样丑陋。
四斤大豆三根皮带,四斤大豆三根皮带是什么梗四斤大豆三根皮带，出自《灌篮高手》这部动漫的OP1《好想大声说爱你（君が好きだと叫びたい）》日语发音：四斤大豆、三根皮带。灌篮高手主题曲《好想大声说爱你》这首歌有一个神奇的地方便是越听越想听，听到后面就空耳了，特别是当你听到副歌部分跟着唱出来是就变成了：四斤大豆三根皮带。四斤大豆三根皮带，就是动画《灌篮高手》op《君が好きだと叫びたい》副歌部分的空耳。日语：君が好きだと叫びたい&amp;nbsp;&amp;nbsp;中文：好想大声说我喜欢你
心中无女人拔刀自然神,心中无女人拔刀自然神是什么梗心中无女人拔刀自然神，这个梗出自一个视频博主【即墨龙三岁】这个博主分享的一个视频中有的女方给男方发了一张自己的自拍，穿着jk制服和黑丝的那种，但是男方不为所动。但是这个女生再给难受发了一张守望先锋中源氏的金刀(一把很帅并且不不容易获得的武器外观)的图片，引起了这个男生的兴趣。然后女生就很伤心，因为男生对她的照片无动于衷却对游戏这么上心，就问男生：什么意思，我给你发照片你就敷衍一下，一把游戏数据你比对我还在意还要激动。男生立即进行了反驳：你这是对一个剑士的侮辱，然后就是经
沙口,沙口是什么梗沙口是一个谐音梗，是指小丑的意思，沙口指英雄联盟里的小丑萨科。沙口，是英雄联盟主播的梗，来由是游戏lol里的一个英雄人物——小丑“萨科”（Shaco）。在英雄联盟游戏直播和弹幕中经常能看到的“沙口”这个词了。通常网友会把那些，明明自己比较垃圾，但还是哗众取宠，最后被现实打脸的人称为“小丑”，就会说像个小丑一样，像个沙口一样。说人像沙口一样，就是像小丑一样的意思。
龙岗无敌手,龙岗无敌手是什么梗龙岗无敌手和南山必胜客分别是网友们对华为和腾讯的调侃。龙岗无敌手，华为坐落于深圳龙岗区，因为华为在龙岗区的法院打官司从来没有输过，所以有很多网友调侃称之为“龙岗无敌手”。南山必胜客，指的是腾讯的法务部，这是网友给他们取的别称，因为腾讯的诉讼团队是公认的最强法务团队。
全糖去冰,全糖去冰是什么梗全糖去冰，本来是买奶茶时的要求的一种，“全糖”即加满份糖（满份是多少糖一般每家奶茶店有自己的规则），去冰就是不要加入冰块（奶茶本身一般是热的）。按这样的要求做出的奶茶，一般是甜甜的、暖暖的。全糖去冰，意为既甜，又表示很温暖的意思，所以用来形容人的时候，比如“全糖去冰女孩”，就是形容这个女孩儿长相甜美，脾气温柔。朋友圈还有好多文案称“2021全糖去冰”的，比如：希望大家2021年全糖去冰，即是表达对2021全年甜蜜温暖的一个美好期许。
立旗人,立旗人是什么梗立旗人，这里的旗指的是flag，立旗就是立flag，立旗人就是由立flag引申出来的。立旗人，一个人立下了目标X，被认为是立下了flag。立flag是一个网络流行词，意思是指说一句振奋或鼓励的话，或者立下一个要实现的目标。比如，自己立下一个flag，一定要通过接下来的一场考试，就可以称自己为立旗人。例句：这周要加油争取减下五斤，加油，立旗人！
你又在山海经的哪一页,你又在山海经的哪一页是什么梗你又在山海经的哪一页，其实这句话的意思就是说“你是何方妖怪？”。为什么会这么说呢，要知道《山海经》是一本记载着中国古代神话传说的奇说，所以这本书里面记载了各式各样的神奇事情以及各种妖怪和妖兽等等。所以网友就展开想象，把在山海经的哪一页或者在山海经第几页这句话当成是梗来形容别人。所以当别人说这句话的时候，其实就说你是山海经里面的妖怪，至于第几页的就不知道了。其实这个梗多用于形容那些长相非常古怪，而且还会做出一些非常让人疑惑的事情或者行为。但是在山海经的哪一页或者在山海经第
冬天第一颗草莓,冬天第一颗草莓是什么梗冬天第一颗草莓，其实这就是男朋友或者是女朋友送给另一半的冬天里的一种祝福，让你在冬天的寒冷中一直温暖如春。冬天第一颗草莓，其实不论是女生送给男生还是男生送给女生，都是可以的，寓意很完美，祝愿对方“莓心，莓肺，莓烦恼”，在成年人的世界里，没心没肺没烦恼，算是一种很难得的心愿和状态了吧，我把我最期待的生活送给你。冬天第一颗草莓，这是很多的情侣在冬天的一种秀恩爱的方式，后来被大家学习了起来，其实不光是情侣之间，亲人之间，好友之间也是能赠送的。
跨年那天不要穿内裤,跨年那天不要穿内裤是什么梗跨年那天不要穿内裤，寓意来年没有苦头，没有裤头没有苦头谐音梗，这是，我们一起没有苦头，一起来抵抗2021年所发生的各种不好的事情。跨年那天不要穿内裤，是马上就要到2021年了，大家都满怀期待，网上关于新年的话题也越来越多，越来越火热，其中&quot;跨年那天不要穿内裤&quot;这个梗也是比较热门的一个话题。
蛋饺肉丝,蛋饺肉丝是什么梗蛋饺肉丝，这个梗出自《追光吧哥哥》这个节目中，杜淳在节目中演唱歌曲《情人》并跳了一段舞。杜淳在《追光吧哥哥》舞台上一首情人衍生出“蛋饺肉丝”“鹌鹑蛋”两个梗，配合生硬的舞蹈简直不要太搞笑，成功给大家洗脑。演唱的的一句歌词本来是“Feel a little bit dangerous，少了些安全感”，因为发音问题被脑洞大开的网友将歌词给改了。蛋饺肉丝，就是英文dangerous的谐音，网友玩谐音梗，dangerous=蛋饺肉丝，安全感=鹌鹑蛋。节目播出之后，如郑爽所说，杜淳当晚就上了
马言马语,"马言马语是什么梗马言马语，是指混元形意太极门掌门人马保国的一系列金句，包括但不限于年轻人不讲武德、耗子喂汁、有bear来、“原来是佐田”、“看到xx，啪一下我就xx，很快啊！”马保国，“英国混元太极拳协会”创始人，自称“浑元形意太极门掌门人”。太极大师马保国,他曾扬言要为传统功夫正名,结果在某场比赛上被拳击对手30秒KO,后来拍摄了一段被年轻人偷袭的视频，鼻青年肿的，因此火爆全网。马言马语：耗子喂汁、耗子尾汁、大E了沒有闪、年轻人你们不讲武德这好吗这不好、耗耗反思、接化发(接招+化解+发功)。"
有bear来,"有bear来是什么梗有bear来，这是个谐音产生的成语，指的是有备而来，出自马保国解释失败原因时的空耳，马老师曾经说过对面是有备而来，原话是：后来他说他练过三四年泰拳，看来是有备而来。由于有备而来和有bear来，发音起来比较相像，所以很多网友都叫有bear来。类似的还有：有bear来(有备而来),&amp;nbsp;duck不必(大可不必)，深藏blue(深藏不露),Tony带水(拖泥带水)等等例句：这位年轻人一看就是有bear来。对方是有bear来,我们千万不可掉以轻心"
凡尔撒,凡尔撒是什么梗凡尔撒，是对无比凡尔赛的央视主持人撒贝宁的戏称，继凡尔赛之后，“凡尔撒”又登上了微博热搜，而撒贝宁也被冠上了凡尔撒的称号。凡尔撒其实是在央视团建节目中出现的一个聊天的梗。在央视综艺《你好生活》节目中，一众央视名嘴坐在一起回忆自己当年高考哪些事，他们本身都是学霸中的佼佼者，把每个人的经历拿出来说都是凡尔赛的典范，但是没有最凡只有更凡，他们再厉害也凡不过凡尔撒。在《你好生活》节目中，央视主持人张蕾、尼格买提、康辉还有撒贝宁坐在一起聊天，当尼格买提问起张蕾“你们山西当时分数线高吗”，张蕾立
找个厂子上班,找个厂子上班是什么梗找个厂子上班，很多直播间和抖音评论区都有这样一个评论：“找个厂子上班吧”、“找个工地搬砖吧”。找个厂子上班，这个梗最开始来自电竞圈，比如某个主播操作很菜、失误很大的时候，网友观众就会发弹幕让他别玩电子游戏了，赶紧找个厂子上班去吧，意思大概是说：“你这么菜还玩什么游戏啊，赶紧找个厂子上班吧。找个厂子上班，这个梗现在也挺火的，大多数都是形容网友操作下饭，其实有时候也只是调侃，并没有恶意。
男腾讯恋和爱姬艺,男腾讯恋和爱姬艺是什么梗男腾讯恋和爱姬艺，是最近很火的一个梗，这主要是指明年的爱奇艺和腾讯视频的影视作品多是一些双男主和双女主的剧情。男腾讯恋和爱姬艺，出自广大的网友，最初在微博上火起来的叫法，是对腾讯视频明年很多耽美双男主剧，爱奇艺视频明年很多百合双女主剧这种情况的调侃。“男腾讯恋和爱姬艺”是还上了微博上的热搜，大意是：为了应对男腾讯恋，爱奇艺化身爱姬艺。男腾讯恋：指的是已经有三部耽改剧明年会在腾讯视频播出了，《皓衣行》罗云熙、陈飞宇;《左肩有你》（撒野）范丞丞、王安宇等很多双男主戏。爱姬艺：与
爷青回,爷青回是什么梗爷青回，即爷的青春又回来了，一般是指那些知名的人、经典的动画、游戏、影视剧等重新回归或复出。爷青回最早是出现在lpl圈子里，然后抖音、b站，还有一些贴吧论坛的视频评论下都渐渐出现了。不过最常见的用法还是在B站，比如B站某个年更up主突然高产起来，下面就会有人评论“xx高产了，爷的青春结束了”、或者“xx不空技能了，爷的青春结束了”等等。这类人也被称为青结工。网友们通过“爷青回”这样的梗来表达自己青春时期出现的经典事物重新回来的一种感慨。
两行白泪上青天,两行白泪上青天是什么梗两行白泪上青天，这个梗是来自一位美妆博主：酸奶精，她经常在网上测评一些化妆品，因为没有滤镜，完全是真实的镜头效果，因此很受大家的欢迎。她在一个视频里是测试的某个大牌新出的气垫，但是万万没想到，最后的效果居然这么好玩。在上完了底妆之后，博主准备测试一下防水的效果，于是盯着屏幕，流出了两滴眼泪。但是没想到，眼泪把底妆给晕开了，脸上多了两条白白的线。博主看到之后就惊呆了，直呼这是“两行白泪上青天”。所以不少网友说，女人不要轻易掉眼泪，不然一不小心就“两行白泪上青天”了。
相辱以墨,相辱以墨是什么梗相辱以墨，就是“相濡以沫”谐音所演变而来，带其中所表达的含义并不是原有的意思。相辱以墨，本来是“相濡以沫”的，但是最近被拿来形容文化人之间的吵架大战了，就变成了相辱以墨，十分的生动和形象，因为文化人撕，不带一个脏字，被内涵的体无完肤。文化人的撕逼方式就被称为：相辱以墨。疯狗撕逼： 相汪于江湖。文化人撕不过疯狗：相辱以墨不如相汪于江湖。
去码头整点薯条,去码头整点薯条是什么梗去码头整点薯条，来源于一张图，两只鸟的对话，一个是思考着哲学问题，另一个就想去码头整点薯条，这就衍生成为了一个非常有意思的对话了。人活着是为了什么？为了去码头整点薯条。去码头整点薯条，这个梗是个图片梗，虽然表面上是两只鸽子的对话，一只在讨论生存的意义，一只一心要去码头整点薯条，搞笑又非常有哲理，说出了大多数人的生活状态，就是为了去码头上整点薯条，也就是为了生存吃饭而奔波忙碌。去码头整点薯条对话：“我们要飞向何方?”“我打算待会去码头整点薯条。”“你误会我了伙计，我说的是咱们这
干饭人,干饭人是什么梗干饭人，指的是吃饭的时候很积极很狂野的人，调侃来讲就是：干啥啥不行干饭第一名。干饭人火起来之后很多人晒自己的用餐照片的时候，都会配上这样的一句话，那就是“干饭人，干饭魂，干饭都是人上人”。干饭人，这个词能让人想到上学时期一下课就冲向食堂的样子，太真实了，真是干饭人的代表了。冲鸭!干饭人!干饭人的梗最早出自抖音视频里的一个主播，他每次拍视频的时候，手里总会拿一个饭碗，开始吃饭前会说一句‘干饭了干饭了’，他家养的鸡会应景的抢走菜。干饭人干饭魂干饭都是人上人的另一种解释是，如果你连饭都干不
吃圭人,吃圭人是什么梗吃圭人，其实指的就是吃了两次土的人，因为今年他们为双十一付了两次尾款，收了两拨快递，吃了两次土。最近打工人这个梗很火，大家经常说“加油打工人”，以此来鼓励自己。同样的，最近也火了一个新词，叫“吃圭人”，“加油吃圭人”。今年的双十一火了很多新的词，比如说“尾款人”，“吃圭人”，四处“抄作业”，但收到快递后又“破递为笑”，完整讲述了很多网友的心路历程。每年双十一的时候，似乎成了一个循环，嘴上说着没啥想买的，结果花钱的时候感觉是很潇洒，过后吃土也是真的狼狈。剁手一时爽，转眼吃土忙。但是到了
天气卡组,天气卡组是什么梗天气卡组，是卡牌策略游戏的一组牌，不过现在很多人都把这个当成一个梗来说。“卡组”是对日语デッキ（即deck：指甲板；层面；一副牌；桥面；平台；牌组）的翻译。简单来说，天气卡组就是从卡牌策略游戏打“天气”这组牌延伸出来的梗，指和不熟悉的人聊天的尬聊，就像是卡牌策略游戏打“天气”这组牌。比如，聊天聊不下去，很尬的时候，为了不冷场提起天气的话题说：今天烦人天气真好啊
痛苦面具,痛苦面具是什么梗痛苦面具，是手游《王者荣耀》中的一件装备，是法师用的。原型是《英雄联盟》中的兰德里的折磨，也是一个面具，不过LOL中的面具眼睛流血，《王者荣耀》模仿以后把装备做了调整。痛苦面具这个梗则是出自网络视频，短视频中的男子似乎是因为分手或被甩后流露的表情十分魔性，让人感受到悲伤的同时又忍不住笑出声。因为他的表情像极了游戏中的“痛苦面具”的表情，所以被称为痛苦面具男孩，于是这个梗就传开了。网络上也掀起了一股痛苦面具风，众多视频纷纷效仿，于是网络上那些表情非常痛苦，且扭曲魔性的表情就会获得痛苦
五哈原则,五哈原则是什么梗五哈原则，就是指的的是在和他人的人际交往的时候，如果要表达开心的事情，使用的“哈”字不能少于五个。五哈原则，是因为少于五个的话，他们的定义是一个哈表示滚，两个哈不真诚，三四个哈太敷衍，只有五个哈才能完美的表达自己的情绪，很多人觉得这个五哈原则真的是十分必要。
人间直尺,人间直尺是什么梗人间直尺，是调侃一个人是钢铁直男，十分不解风情，撩不动。人间直尺，网友在看《半是蜜糖半是伤》时刷到弹幕说李小川是人间直尺，越看下去越像怎么撩都撩不动，还不按套路出牌打得你措手不及。王以纶在《半是蜜糖半是伤》中饰演的李小川，是一位成绩优异、专注做软件的理工男，天赐一副小说男主标配的帅气面孔，但也是一个“钢铁直男”，十分不解风情，被网友戏称为“人间直尺”。
反向凡尔赛文学,反向凡尔赛文学是什么梗反向凡尔赛文学，是最近凡尔赛文学大火之后又出来一个“反向凡尔赛文学”，实际就是反过来“明褒暗贬”，就是看“反向凡尔赛文学”的开头是在“炫耀“吹牛”“显摆”，但是看到最后你会发现，原来是在“自嘲”“哭穷”的。反向凡尔赛文学例子：我今年23岁，北京三环两套房子几十万的包能摆满墙可这些都是我父母给我的而是我通过自己努力做梦梦出来的
综艺之神,综艺之神是什么梗综艺之神，这个称号很多人都在网络上听到过。其实综艺之神，说的就是那些在综艺节目中有良好表现，非常具有综艺感的嘉宾。一个综艺，除了剪辑以外，最离不开嘉宾们的表现，抛梗、接包袱这些都必须做得好。在综艺中，有时候运气也是实力的一部分，有的明星在参加综艺的时候，运气特别差，因此搞出了特别搞笑的事情，这些都是被综艺之神眷顾的。并不是所有人都能被综艺之神关注，也并不是所有优秀的演员和明星都能被称为综艺之神。例如，李光洙凭着在《runningman》中的各种考验成为了韩国的“综艺之神
冬天的第一根糖葫芦,冬天的第一根糖葫芦是什么梗冬天的第一根糖葫芦，是最近不少网友会看到“冬天的第一根糖葫芦”这种朋友圈，看到这个冬天的第一根糖葫芦应该就会想起之前的秋天的第一杯奶茶。冬天的第一根糖葫芦跟秋天的第一杯奶茶，表达的都是差不多的意思。最近有很多网友在朋友圈晒图表示想要冬天第一根糖葫芦，其实是网友想要收到冬天的第一根糖葫芦，想要感受被爱的温暖感觉。
塌房人,塌房人是什么梗塌房人，指的是房子塌了的集美们，房子塌了是指爱豆谈恋爱了，因此塌房人就是爱豆谈恋爱了粉丝们。比如，在很多偶像爆出恋情之后，饭圈塌房人又火了，塌房人们都在互相安慰了，毕竟房子是塌了一座又一座啊，追星有风险。
凡学家,凡学家是什么梗凡学家，这里的凡学指的是凡尔赛文学。所谓的“凡学家”，指的就是那些喜欢在朋友圈里写凡尔赛文学的人。凡尔赛文学这个词最早出自漫画《凡尔赛玫瑰》，这不是什么新的文学形式，这是最近网络上流行的一个梗，指的是那些在朋友圈里发大段文字，明着诉苦实际上是在炫耀的内容。凡学家，感觉自己是个优雅贵族，现常用来指那些朋友圈贵族。这些朋友圈贵族往往其实只是一般人，或是有点钱，喜欢在朋友圈里炫富，或者是秀恩爱。简单来说就是要不经意的炫耀自己的想要炫耀的东西，然后文字还要显得自己很苦恼很不高兴的样子。凡学家
凡尔赛文学,凡尔赛文学是什么梗凡尔赛文学，这一词由来已久，一句话总结凡尔赛文学就是“在社交平台用看似平和的文字，不经意间流露出自己的优越感。凡尔赛文学，这个词最早出自漫画《凡尔赛玫瑰》，这不是什么新的文学形式，这是最近网络上流行的一个梗，指的是那些在朋友圈里发大段文字，明着诉苦实际上是在炫耀的内容。凡尔赛文学的核心是要反着来，明明是想炫耀，但是要先抑后扬。凡尔赛文学，是一种在社交媒体平台上或日常交流中，通过一些反向描述，先抑后扬、明贬暗褒、自问自答、第三人称夸自己等方式，假装不经意间炫耀、秀优越的的方法。凡尔
凡尔赛文学家,凡尔赛文学家是什么梗凡尔赛文学家，简称为“凡学家”，指的就是那些喜欢在朋友圈里写凡尔赛文学的人。凡尔赛文学这个词最早出自漫画《凡尔赛玫瑰》，这不是什么新的文学形式，这是最近网络上流行的一个梗，指的是那些在朋友圈里发大段文字，明着诉苦实际上是在炫耀的内容。凡尔赛文学家，感觉自己是个优雅贵族，现常用来指那些朋友圈贵族。这些“凡学家”往往其实只是一般人，或是有点钱，喜欢在朋友圈里炫富，或者是秀恩爱。简单来说就是要不经意的炫耀自己的想要炫耀的东西，然后文字还要显得自己很苦恼很不高兴的样子。凡尔赛文学家们在
凡尔赛式爱情,凡尔赛式爱情是什么梗凡尔赛式爱情，很多人第一时间想到的可能是凡尔赛宫，但是凡尔赛式爱情却跟凡尔赛宫没有什么关系。凡尔赛式爱情，这里的凡尔赛指的是凡尔赛文学。“凡尔赛文学”这个词最早出自漫画《凡尔赛玫瑰》，这不是什么新的文学形式，这是最近网络上流行的一个梗，指的是那些在朋友圈里发大段文字，明着诉苦实际上是在炫耀的内容。凡尔赛式爱情，就是从凡尔赛文学这个梗里延伸出来的，指的是那种通过“凡尔赛文学”秀恩爱的爱情，因为文风很像是古早的言情小说，所以被不少网友当成段子来看。凡尔赛式爱情实际上是一种“高级的秀
万物皆可凡尔赛,万物皆可凡尔赛是什么梗万物皆可凡尔赛，就是任何人，任何事情，都可以用凡尔赛文学体展示出来。凡尔赛什么意思凡尔赛，意思是生活得高贵、奢华，且想通过一些反向的表述，来不经意地透露出自己的优越生活的人，一般用来调侃。举例：老公竟然送了我一辆粉红的兰博基尼，这颜色选得也太直男了吧，哎，怎么跟他说我不喜欢这个颜色呢？一人一句凡尔赛语录1、中午我惬意地躺在阳台上晒太阳，优雅地拿起一根烟和旁边的打火机。什么?那居然是玛莎拉蒂的钥匙而不是打火机?我生气的将它抛到楼下的花园里并破口大骂：“搞什么，几万平米的家里连个
yyds,yyds是什么梗yyds，是网络用语“永远的神”的缩写，刷微博或者看直播的时候老是看人刷yyds的弹幕。yyds，这个梗的由来是因为山泥若（前职业选手，现在是一名主播）在直播时有一次这样称呼Uzi，他把Uzi称作永远滴神。后来随着水友们的不断重复，就变成了现在大家熟知的一个梗。
大司马八分钟预言,大司马八分钟预言是什么梗大司马八分钟预言，这里的大司马是一个很有名的游戏主播。八分钟预言是在之前的滔博对阵苏宁的s10半决赛上面，芜湖大司马作为嘉宾进行了解说，但是前面的解说效果不是很好，被很多人狂喷。后面大司马在导播的帮助下，也是渐渐的降低了说话的频率。不过神奇的是，大司马在整场比赛解说完之后居然没有被骂，还有人在刷一个8分钟预言的梗。八分钟预言这个梗是在大司马解说第三场比赛的时候，大司马直接预言苏宁会在8分钟之后发动进攻结束比赛，但是旁边的解说都是完全不相信大司马的预测，觉得8分钟的时间实在是
秋天的第一个包包,秋天的第一个包包是什么梗秋天的第一个包包，是抖音上面出现的一个新的梗，一听这个词大家应该就知道了，一定是和“秋天的第一杯奶茶”有点关系，秋天的第一个包包这个梗也是一种表现对对方关心的意思。秋天的第一个包包，其实并不是一个真的包包，其实就是用零食做成的一个零食包包，用棒棒糖和一板奶制作出来的，非常的有意思。首先需要准备好一溜没有撕开的阿尔卑斯棒棒糖，和一排奶，可以说旺仔牛奶，也能是ad钙奶，然后将棒棒糖作为宝宝的带子，奶作为包包，用胶带粘在一起做成个包包的形状即可。许多网友就表示想要收到身边心爱的人
独轮车,独轮车是什么梗独轮车，是在互联网的帖子、聊天中经常出现的一个网络词汇。在互联网环境下独轮车的意思是:就是一个人一直刷同一句话，他/她会一直不断的刷一句相同的话。独轮车原本是个插件名字，专门就用来发弹幕的，主要使用场景是直播平台里，功能是用来一直发一条条重复弹幕的，概念上和复读机这个词类似，只不过复读机是用户间相互复读。&amp;nbsp;使用独轮车这一类插件发弹幕，类似有点是刷直播人气、存在感的一种方式，比如说自己喜欢的主播直播间聊天人数少、人气低，那么就有人用这类插件来帮忙刷弹幕。另外也有人将独轮车这种
弹幕独轮车,弹幕独轮车是什么梗弹幕独轮车，这个梗是一个关于弹幕的梗。独轮车在弹幕中的的意思是很简单的，就是形容疯狂复制发同一条或者几条相同的弹幕。独轮车原本是个插件名字，专门就用来发弹幕的，主要使用场景是直播平台里，功能是用来一直发一条条重复弹幕的，概念上和复读机这个词类似，只不过复读机是用户间相互复读。&amp;nbsp;使用独轮车这一类插件发弹幕，类似有点是刷直播人气、存在感的一种方式，比如说自己喜欢的主播直播间聊天人数少、人气低，那么就有人用这类插件来帮忙刷弹幕。另外也有人将独轮车这种插件用来攻击某些不喜欢的主
双11打挺人,双11打挺人是什么梗双11打挺人，特指专注于双11摸鱼薅羊毛的人。双11打挺人，致力于搜刮各种双11优惠攻略，熬夜在直播间抢单，过程中虽然极度的疲倦，但会用各种方式让自己满血复活，组队，组队攻克各类难抢商品的超强爱买战士。
南方加绒人,南方加绒人是什么梗南方加绒人，是因为南方的空气比较的潮湿，完全就是寒风刺骨的感受，秋冬季节为了应对突然的变冷，卫衣加绒，袜子加绒，鞋子加绒等等，全身上下都在加绒，因此有着“南方加绒人”的调侃。南方加绒人，是对万物皆可加绒的一种调侃，从衣服，袜子到鞋子都在加绒，来应对冬天的群体。加绒人，加绒魂，怕冷都是人下人，一方水土养一方人，一个冬天折磨一-屋南方人，晚上冻到睡不着的是南方人，早上冷到起不来的还是南方人，加绒是我们的准则，加绒是我们的灵魂，加绒是我们的才能，卫衣加绒，衬衣加绒，工装裤加绒，运动裤也
冬天的第一个苹果,冬天的第一个苹果是什么梗冬天的第一个苹果，此苹果非彼苹果，并不是水果的那个苹果，而是最近新上市的iPhone12，这个系列出了绿色的，非常好看，很多网友表示喜欢以及想要拥有，所以会用“冬天的第一个苹果”表达想要这个绿色的iPhone12。冬天的第一个苹果，这个梗是有一名网友晒出了哥哥给自己买苹果12的故事，引来了不少网友的羡慕。大家都羡慕她有个这么暖心的哥哥，也有网友表示，又是别人家的哥哥。因为这个网友的投稿，让冬天的第一个苹果也像当初秋天的第一杯奶茶一样，突然火起来了。当然冬天的第一个苹果这个梗
依萍如洗,依萍如洗是什么梗依萍如洗，这个梗其实很简单，非常真实的反映了双十一各位网友的现状，&quot;定金一时爽，补款火葬场。双十一过后我不再是依萍了，而是依萍如洗&quot;。依萍如洗，是这次双十一刚刚出来的新的成语，出自网友重新配音的《情深深雨蒙蒙》里的一个片段，是用来形容双十一的尾款人的，形容人穷的想依萍一样一贫如洗。
破递为笑,破递为笑是什么梗破递为笑，跟“破涕为笑”是谐音。破递为笑，是网友们用来指一些网友在双十一剁手太多而伤心落泪，但是一旦快递来了就会开心得笑出来，于是就有了“破递为笑”这个梗。
李姓消费,李姓消费是什么梗李姓消费，这个“李”就是指一位网络带货主播李佳琦，“李姓消费”也是网友们对自己看了李佳琦的带货直播忍不住剁手买买买的调侃以及自嘲。李姓消费，是形容天猫双11开幕晚会上，李佳琦举着“理性消费”的条幅，我们却是因为他才陷入不理性而“李姓消费”的现象。于是网友们就用“李姓消费”来自嘲：不是我不理性，而是李佳琦让我没有办法理性。
我是新手，怎样编写词条,如何创建词条首先，您需要确认将要创建的词条符合“梗百科词条名称规范”。然后，你可以通过以下方法创建词条：搜索您要创建的梗百科词条，如果您搜索的词条未创建，会提示您进入该词条的创建页面。创建词条时，还可以为词条添加相应的开放分类。如何协作词条梗百科的所有词条都可编辑，在词条正文页点击 “编辑词条”按钮，即可对词条进行编辑。此外，还可对词条进行分段编辑，点击段落右上方的“编辑本段”按钮，即可对该段落进行编辑。如何添加目录梗百科的目录类似于文章中的段落标题，是组织词条
老北京鸡内卷,老北京鸡内卷是什么梗老北京鸡内卷，该梗来源于知乎上调侃的一句话。“我们是在供给过剩的前提下卷起来的。我们的内卷，更突出一个“淤结”：大量资本淤结在地产等金融板块，不进实体。但主要靠实体解决就业，于是实体卷起来；大量政策利好淤结在城市，农村几乎没有增长空间，于是农村卷起来；大量收益机会淤结在30岁以上，20至25岁人群的收益增长机会明显下滑，于是年轻人卷起来。实体、农村、年轻人，卷一个也就算了，三个都卷，全中国就都是老北京鸡肉卷了。”
鸡内卷,鸡内卷是什么梗鸡内卷，该梗来源于知乎上调侃的一句话。“我们是在供给过剩的前提下卷起来的。我们的内卷，更突出一个“淤结”：大量资本淤结在地产等金融板块，不进实体。但主要靠实体解决就业，于是实体卷起来；大量政策利好淤结在城市，农村几乎没有增长空间，于是农村卷起来；大量收益机会淤结在30岁以上，20至25岁人群的收益增长机会明显下滑，于是年轻人卷起来。实体、农村、年轻人，卷一个也就算了，三个都卷，全中国就都是老北京鸡肉卷了。”万物皆可内卷是什么梗：https://gengbaike.cn/doc-vie
人类的本质是内卷,人类的本质是内卷是什么梗人类的本质是内卷，这句话由“人类的本质是复读机”衍生而来，在网络社会中，内卷可以说是听到最多的两个字了，东卷一下，西卷一下的，好像万物都可内卷。“ 请停止你的内卷行为！”“ 卷！都 TMD 给爷卷起来！”清华内卷是什么梗：https://gengbaike.cn/doc-view-283.html
清华内卷,清华内卷是什么梗清华内卷，该梗起因是因为一张图。清华内卷是什么梗有人看到这个图，就联想到最近流行的那个词——内卷，就是说蛋糕做不大了，但是分蛋糕的人只增不减，想要恰到一口蛋糕，就必须加倍努力，造成恶性竞争……像图里的主角就被嘲讽为“卷王”。万物皆可内卷是什么梗：https://gengbaike.cn/doc-view-282.html内卷，定义是“指一种社会或文化模式在某一发展阶段达到一种确定的形式后，便停滞不前或无法转化为另一种高级模式的现象”，说通俗点就是玩游戏，为了更好地娱乐，一个人先充钱
万物皆可内卷,万物皆可内卷是什么梗万物皆可内卷，意思就是万事万物皆可以用内卷来形容。内卷，定义是“指一种社会或文化模式在某一发展阶段达到一种确定的形式后，便停滞不前或无法转化为另一种高级模式的现象”，说通俗点就是玩游戏，为了更好地娱乐，一个人先充钱吊打别人去了，被他虐的人不得不也充钱，最后所有的人要么使劲充钱要么被吊打，只有管理员不用充钱还能吊打所有人，看电影，为了获得更好的视野，一个人先站起来看了，被他挡住的人不得不也站起来，最后大家都不得不站起来看电影，只有第一排的人坐着。内卷就是大家都损失了，只有一小撮人
内卷,内卷是什么梗内卷最近这个词热度很高，什么是内卷呢？&amp;nbsp;在百度百科中定义是“指一种社会或文化模式在某一发展阶段达到一种确定的形式后，便停滞不前或无法转化为另一种高级模式的现象”，说通俗点就是玩游戏，为了更好地娱乐，一个人先充钱吊打别人去了，被他虐的人不得不也充钱，最后所有的人要么使劲充钱要么被吊打，只有管理员不用充钱还能吊打所有人，看电影，为了获得更好的视野，一个人先站起来看了，被他挡住的人不得不也站起来，最后大家都不得不站起来看电影，只有第一排的人坐着。内卷就是大家都损失了，只有一小撮人赚
请停止你的内卷行为,请停止你的内卷行为是什么梗请停止你的内卷行为，意思就是请不要因为你的行为，让大家都损失了。内卷，定义是“指一种社会或文化模式在某一发展阶段达到一种确定的形式后，便停滞不前或无法转化为另一种高级模式的现象”，说通俗点就是玩游戏，为了更好地娱乐，一个人先充钱吊打别人去了，被他虐的人不得不也充钱，最后所有的人要么使劲充钱要么被吊打，只有管理员不用充钱还能吊打所有人，看电影，为了获得更好的视野，一个人先站起来看了，被他挡住的人不得不也站起来，最后大家都不得不站起来看电影，只有第一排的人坐着。内卷就是大家都
拔丝吻,拔丝吻是什么梗拔丝吻，是指在接吻时由于口腔分泌物粘连，导致分开时出现拔丝状的连接。近日晏紫东和小彩旗在《演员请就位》节目中，倾情演绎出了拔丝吻，并因为一段拔丝吻戏上了热搜。晏紫东和小彩旗在还原《恶作剧之吻》的过程中，小彩旗饰演的袁湘琴在雨中和晏紫东饰演的江直树有一场吻戏，两人非常投入，甚至达到了忘我的境界。李成儒对他们的评价是这样的：你们好像动真格的了，因为你们分开的那一瞬间有黏液。此后，晏紫东通过微博回应拔丝吻事件：你们就当我是地瓜吧，拔丝是因为雨太大，对不住了大家，希望在你们心里拔丝的永远是地
年轻人不讲武德,年轻人不讲武德是什么梗年轻人不讲武德，这句话出自称“浑元形意太极拳掌门人”的马保国。在某次和年轻人王庆民的比试中，30秒钟的时间，马保国被王庆民3次打倒在地，直接KO。事后，网上流传出马保国一月份乌青着眼睑发的视频，马保国控诉：“年轻人不讲武德，偷袭我这个69岁的老人家，传统功夫讲究的是点到为止，点到为止他就输了，如果我这一拳发力，一拳就把他鼻子打骨折了”。现在年轻人不讲武德这句话被网友们用来恶搞、嘲讽马保国，各种玩梗鬼畜。
你已经是个成熟的软件了,"你已经是个成熟的软件了是什么梗你已经是个成熟的软件了，其实就是对于这款软件的一种调侃吐槽，希望这款软件能自主智能到帮我们做完所有事情，比如成熟的游戏应该学会自己刷等级，成熟的通信app应该学会自己回信息。毕竟你整个app都已经这么成熟了，其实这些都是不可能了，就是调侃一下这款软件。你已经是个成熟的软件了例句：zfb,你已经是个成熟的软件了该学会自己还花呗了微信，你已经是个成熟的软件了，该学会自己回信息了微博，你已经是个成熟的软件了，该学会自己去八卦了instagram，你们已经是成熟的软件了，该学"
长鹅,长鹅是什么梗长鹅，这是一个谐音梗，嫦(长)娥(鹅)。把企鹅公仔拉长，不就变成&quot;长鹅&quot;了吗？长鹅，是出自腾讯公司官方微博发布的一段节日祝福视频中，就出现了——真·“长鹅”。腾讯公司官方社交账号在10月1日的国庆、中秋双节时发布的他们的节日祝福视频。并配文：今天在腾讯滨海楼下惊现一大批长长长长长......鹅#腾讯魔性长鹅#。嫦（长）娥（鹅），提前祝大家中秋节快乐！腾讯公司将旗下吉祥物企鹅进行拉长，并在风中摆动，取“长鹅”（嫦娥）的谐音，提前庆祝节日快乐，确实有点引人发笑、而且巧妙的与自己的吉祥物
打听打听谁是爹,打听打听谁是爹是什么梗打听打听谁是爹，这句话其实是为了表示自己在整个圈子或者在整个区域里面是最厉害，最强的，没有人能够超过。打听打听谁是爹，&amp;nbsp;是不是非常的像广告宣传，不过现在大都是用来开玩笑的。例句：1、城南城北一条街，打听打听谁是爹。&amp;nbsp;2、东南西北几条街，打听打听谁是爹。&amp;nbsp;3、联盟上单一条街，打听打听谁是爹。&amp;nbsp;4、东南西北四条街，打听打听谁是爹。&amp;nbsp;5、江南江北一条街，打听打听谁是爹。
拿红绳原地结婚,拿红绳原地结婚是什么梗拿红绳原地结婚，是在微博上有一个非常有意思的视频，是关于拿着红绳原地结婚的段子视频，在这个视频中，他们直接的对话是：a：喜欢啊，喜欢就去追喽b：我怕她不喜欢我a：都没试过你就怕了（掏出红绳）b：这是什么a：我爷爷帮我求来的，很灵的，你拿着这一头，她拿着另一头，立刻原地结婚b：是不是真的a：骗你我屁股长痔疮b：（拿着红绳另一端）然后结局就是这2个男的原地结婚了。拿红绳原地结婚，这个段子还是比较好笑的，然后网友还根据这个延伸出了一些不同的版本。
真还传,真还传是什么梗真还传，是罗永浩在参加《脱口秀大会》是吐槽自己的还债经历的一个谐音梗。罗永浩在脱口秀大会的舞台上用谐音梗来自黑，想拍一部《真还传》的纪录片，讲述自己的还债历史，在一年的时间里老罗已经还债4亿，可以说实力非常强了。罗永浩调侃称：“等我们这些债务真的还完了之后，可能会拍一个纪录片，来纪念这一段诡异的人生旅程。这个纪录片的名字我都想好了，就叫《真还传》。”后来还真有一部名为《真还传》小说在网上热传，罗永浩被化名为“罗玉龙”，小说情节与现实极其相符，被多个科技账号大肆推广。而且，目前有多家公
秋天的第一个柚子,秋天的第一个柚子是什么梗秋天的第一个柚子，是最近抖音上很多人分享了柚子的视频，很多人都会晒一张男女朋友给自己制作的爱心柚子，打开后，里面全都是去皮的剥好的柚子肉，各种造型全都有，因此被大家称之为秋天的第一个柚子。秋天的第一个柚子，意思就是为自己心爱的人剥的第一颗柚子，用来表达爱意。
爱的结石,爱的结石是什么梗爱的结石，是“爱的结晶”的讽刺说法。爱的结石，即孩子成长过程中没有得到足够的爱，反而遭到嫌弃，属于爹不疼妈不爱的那种。结石一般是指身体某一器官长出来的不需要的、危害健康的东西。
放飞小高,放飞小高是什么梗放飞小高，是玩家们在玩弹丸破论游戏时经常会刷的一条弹幕。因为这款游戏剧情制作很不错，不过玩家们喜欢的角色都会被处刑，而每当这个时候看着喜欢的角色被作者搞死就想要放飞作者。 小高和刚就是作者，所以就成了要放飞小高。放飞小高，这个梗是出自游戏《超级弹丸论破2 再见绝望学园》，平心而论这款游戏制作的真的很不错，如果喜欢的角色没有被写死就好了。。。。。。因此不少玩家们为了表达自己的愤怒、悲伤，于是就想放飞小高了。不过小高曾在推特上说放飞小高既是对弹丸论破的爱又是对他的尊敬，表达对他的喜欢。
收手吧阿祖,收手吧阿祖是什么梗收手吧阿祖，这个梗就是成龙和吴彦祖演的新警察故事里面的一个梗。在这部电影当中吴彦祖饰演一位反派角色，在最后被包围的时候被劝投降：“阿祖，收手吧，外面都是警察！”后面有一些网红戴着在这部电影当中吴彦祖饰演角色带的面具，演一些阿祖的动作，由于有的演的很像，有的演的很有趣，后来收手吧阿祖这句话也就变成了一个梗，很多用户都是很喜欢玩这个梗的。
黄浦江捞猪,黄浦江捞猪是什么梗嫖老师退役后，因为创办的队伍YM在LDL数次常规赛第一，但往往打不上LPL，心疼嫖老师，要去黄浦江捞嫖老师。LSPL与LPL战队之间的升降级赛。第一场比赛VG被DAN战队3：1轻松带走曾经的英雄联盟世界冠军就要去打LSPL了。令人唏嘘。当然还有两个战队比赛也是大家比较关心的，就是电竞圈主播PDD的战队YM和LGD战队的升降级了，结果不出意外LGD3-0拿下YM。PDD的战队再次倒在了LPL的门外。嫖老师自己也出来说了不会去跳黄浦江了。自此LPL保级赛全部结束，VG惨遭对手DAN淘
虎两千,虎两千是什么梗虎两千，这个梗的由来和厂长的4396差不多，小虎在这次世界赛之中的表现在后面几场可以说是格外的差，用天使打出5500的输出，用瑞兹打出2200的输出，虽然小虎历年的世界赛之上都表现得不怎么样，但是今年的世界赛之中是最差的一年，于是这也就导致了这个梗的诞生。虎两千，不只是嘲讽其伤害数据低，更是表示其比赛之中的表现很差，与之前在lpl赛场用飞机打出的“虎九万”形成鲜明对比。
简灯笼,简灯笼是什么梗简灯笼，该梗是S8世界赛八强战，rng和G2的比赛的第五场，下路的一波布隆闪现虚弱加被动晕住了uzi，Ming的锤石虽然给了灯笼，但是G2几乎在控结束后的一瞬间立刻将眼插在锤石的灯笼上，导致uzi点不到灯笼最后阵亡（其实这波立刻闪现能走的）。随后uzi和Ming去上路，布隆先手大招击飞uzi，虽然Ming仍旧给了灯笼，但是G2还是立刻两个眼插下去，UZI又阵亡一次。至此“简灯笼”称号落在了UZI的身上。&amp;nbsp;
当狗中单,当狗中单是什么梗当狗中单，该梗指在一场比赛中，IG下路ADC选手Jackey love（喻文波）在团队语音里对宋义进说“义进给我当波狗”。
8888冠军林,8888冠军林是什么梗8888冠军林，该梗是指英雄联盟S8全球总决赛夺冠后王柳羿（iG宝蓝）抽奖一个粉丝以他的名义种8888棵树，然后粉丝又自筹了8888棵，一共两片林。在去年S8全球总决赛IG战队为LPL夺得8年来第一个S赛冠军之后，IG的辅助选手宝蓝在微博里给一直喜欢IG的粉丝们抽奖送福利，这份福利可以说是非常特别，获奖者将以他的名义在“百万森林”计划中捐赠出8888棵树苗。正因为这次的公益事件，宝蓝被许多IG以至LPL的粉丝们封为“电竞翠神”!像宝蓝这样用实际行动呼吁大家关注地球的生态环境，
我喜欢发育,我喜欢发育是什么梗我喜欢发育，该梗是在S8总决赛之前，姜承录（TheShy）接受采访的时候，说他们的队伍倾向于活泼型，喜欢开团，“需要有一个出来拦一拦的人”，他就是这个出来拦住大家不去开团的人。姜承录还说：“我本人喜欢先发育一下再稳点打的。”
无畏澡八强,无畏澡八强是什么梗无畏澡八强，该梗是S8世界赛八强战，RNG和G2的比赛的第五场，最后一波高地团rng方ADC uzi走上前去A对面烬，不料贴脸对面奥拉夫导致自身被秒比赛落败，而对面的烬只是被打掉了春哥甲。被人们最寄予希望的rng八强出局，玩家们愤怒了，出征时的口号“无畏共联盟”变成“无畏澡八强”送给了Uzi选手。
我们来削刀妹吧,我们来削刀妹吧是什么梗刀妹，在早期版本中一直作为较为强力的上单英雄经常遭到拳头公司的毒手，据不完全统计早期刀妹改动的次数有上百次，而且经常是连砍数刀，不但刀妹的数据遭到改动，而且还当时联盟中连胸部都遭到削弱的英雄，渐渐地玩家们开始调侃起来“剑圣太强我们来削刀妹吧”，“三项太强我们来削刀妹吧”“刀妹太强我们来削刀妹吧”。由此“我们来削刀妹吧”这个梗就此流传起来。
大宝剑,大宝剑是什么梗“大宝剑”这是很早之前出来的一个梗，但是近日却突然又火了，可能很多人还不知道大宝剑什么意思？下面来看看到底怎么回事？保健以前常被用作养生理疗的按摩，因为有些店打着按摩的旗号却做着不可描述的某种交易，因此保健一词慢慢被带上了一层这方面的含义，如今作为网络用语的“大保健”一词也演化成了这种交易的代名词，因此男人间常常互相调侃“请你去大保健”，该词也被用作“大宝剑”。该词在《屌丝男士》里频繁出现，因观众众多，所以受到广泛关注。大宝剑什么梗大宝剑谐音大保健，而这个大保健就是什么足疗了啊那种，
你永远可以相信宋义进,你永远可以相信宋义进是什么梗你永远可以相信宋义进，这是rookie对外界的回应。rookie是IG战队中的一员，因为在MSI的赛季中被淘汰，所以遭受到了粉丝们的质疑。大家都觉得rookie技术变菜了，但对此rookie很坚定的回应说：“你可以永远相信宋义进，我说的。”2018年的11月3日是LPL最辉煌的一天，因为IG在这一天为中国捧回了等了8年之久的s2冠军奖杯。在这其中rookie更是当场落泪，因为这个奖杯他曾经期盼了无数次，这一次赢得奖杯后接受采访时，声音还有些哽咽，他表示这是打职业赛以来最
野区栓条狗都能赢,野区栓条狗都能赢是什么梗野区栓条狗都能赢，该梗出自2019MSI时高振宁的赛前垃圾话，不过之后就被TL战队3:1了，因此成了黑点。ning王曾说过一句话，那就是“只要IG有他们四个人，野区栓条狗都能赢”。
电竞翠神,电竞翠神是什么梗电竞翠神，该梗是在去年S8全球总决赛IG战队为LPL夺得8年来第一个S赛冠军之后，IG的辅助选手宝蓝在微博里给一直喜欢IG的粉丝们抽奖送福利，这份福利可以说是非常特别，获奖者将以他的名义在“百万森林”计划中捐赠出8888棵树苗。正因为这次的公益事件，宝蓝被许多IG以至LPL的粉丝们封为“电竞翠神”!像宝蓝这样用实际行动呼吁大家关注地球的生态环境，无疑是为电竞这个行业争光，是一件非常有正能量的事情。
电竞唢呐,电竞唢呐是什么梗电竞唢呐，指高振宁和喻文波嗓门很大，经常在基地里互相“对话”（楼下对楼上喊话）。其实IG粉丝对于JKL嗓门大也早有耳闻，在官方的英雄麦克风中，经常能够听到IG在团战时JKL的大嗓门。最近JKL也开启了直播，在直播中JKL就展示了自己的大嗓门，当时JKL玩挖掘机问Ning符文副系点什么，大嗓门现在依旧被网友调侃。所以，逐渐的玩家也给JKL起名外号“电竞唢呐”，来形容他的嗓门大。现如今解说爆料JKL，粉丝自然也不意外，纷纷表示电竞唢呐名不虚传。
淘宝战士,淘宝战士是什么梗淘宝战士，就是自己没有时间玩只能通过淘宝来进行代练、或者是买装备甚至是买号的玩家。淘宝战士梗出自于贴吧，事情的起因是在GTA5游戏中一位看起来很强的大佬在战斗中缺频繁的出现了最低级失误但是却嘴硬的很，应而被队友嘲讽道是一位淘宝战士。
我要去搬砖了,我要去搬砖了是什么梗我要去搬砖了，一般意思是不吹牛了，我要工作了。在网上评论区经常见到这句话，“不说了，我要去搬砖了”。我要去搬砖了，这里的搬砖指的是去工作。我要去搬砖了，&amp;nbsp;这是一句玩笑话，而且是以自嘲的调侃语气表达对自己工作工资低又辛苦的状态，表达了自己混得很差的现状。比如，在网上看到那种“炫富”的视频或者文章，下方的评论区经常会出现“不说了，我要去搬砖了”，也是有一点“酸”味的含义。
谢谢你小杨生煎,谢谢你小杨生煎是什么梗谢谢你小杨生煎，是对英雄联盟滔博战队和阵欧洲fnc战队的比赛局势的调侃。在两个战队的比赛中，刚开始，滔博连输两场，又连赢两场，在最后决胜局之前的休息时间，镜头拍到欧洲站队竟然在吃生煎补充体力，而滔博赢下了最后一局，创造了英雄联盟s赛让二追三的历史。这下可把网友给乐坏了，认为该给生煎记一功，于是纷纷跑去留言：谢谢你，小杨生煎!&amp;nbsp;就连英雄联盟的官博号也去小杨生煎下凑热闹，留言内容为：好家伙，我当场一个好家伙。小杨生煎的一些门店还推出了“不用谢套餐”。估计小杨生煎都没想到
奈雪女孩,奈雪女孩是什么梗奈雪女孩，是指奶茶品牌奈雪の茶惯用的平面模特那一类型的女孩，温柔大方，主打清新，甜美，气质干净，柔和。奈雪女孩，其实就像它家的奶茶一样，带有甜甜、柔和的feel，却又没有过于浮夸的装饰，洁净、舒适、柔软，甜香却不腻。
这一枪叫做晚安,这一枪叫做晚安是什么梗这一枪叫做晚安，形容枪法好，或者外挂强。意思是，在吃鸡游戏中，对方给你一枪，你就长眠。这一枪叫做晚安，因为比较装杯，被很多人用来当游戏ID。类似的有：这一枪就叫做晚安，这一枪名为晚安。这一枪叫做晚安出处已经无从考证，不过可以肯定的是这个梗是出自浪漫AWM背后的故事。据说当时有老哥开挂，虽然不开科技很难命中，但要偶然中那么一枪，节目效果绝对爆炸。不过也有实力玩家因为地图太大，开车巡逻高效科学吃鸡，让人佩服。
尾款人,尾款人是什么梗尾款人，是大家对双十一期间，付完定金的人的一种调侃，付完定金之后，都在等着付尾款，因此每个人都是尾款人。因为现在淘宝每年的双十一都会推出定金+尾款的服务，也是一种促销的手段。 每个人在付定金的时候感觉什么都买得起，毕竟定金只是在100元左右，等到付尾款的时候就在心疼钱，因此有着化身“尾款人”的梗。
打工人,打工人是什么梗打工人，即打工仔，是现在很多上班族的自称。给自己增添新的外号是网友们自嘲的表现之一，例如之前火起来的“社畜”“搬砖人”等，近段时间，网友们喜欢互相称之为“打工人”。打工人这个词最近很火，看到大家都在发朋友和微博说“早安，打工人”，“打工人 下午好”等等，并且还流行了很多经典的句子和打工人表情包。打工人往往起早贪黑，拿着微薄的工资，但工作却十分辛苦，是很多上班族的真实样子。于是互联网上的打工人便会互相发鸡汤互相鼓励。打工人语录:敢上九天揽月，敢下五洋捉鳖，但却不敢迟到，因为迟到扣钱。早
早八人,早八人是什么梗早八人，意思就是指早上八点上第一节课的可怜学生，早上八点有课的卑微大学生。早八人其实也是由打工人演变来的。早安，早八人。说“上课”，就感觉像是为生活所迫，不情不愿。说“早八”，就像是带着美好的憧憬。早八人语录：早八人，没有魂，我要睡长觉了，今天一定肝高数。早八人早八魂，来年再做人上人。闹钟七点轰炸，室友上午放假，寒风大雨吹打，眼泪一擦，早八人，地上爬。虽然早晨7：58分的校园格外寒冷，但依旧阻止不了我前去教室上课的热情。因为我是光荣的早八人，十年后光荣的打工人。早安，早八人。
冰冻罗非鱼警告,冰冻罗非鱼警告冰冻罗非鱼警告，简单点来说就是一个凶器。冰冻罗非鱼这个梗是来源于《三体》，然而就是将这个冰冻罗非鱼当成是凶器。而且最关键的是，用这个将男性的生殖器官给割了。不得不说，这个动过的罗非鱼确实是非常的锋利啊，背上的刺就和刀一样的快，所以现在有了这个“冰冻罗非鱼警告”。其实冰冻罗非鱼警告这个梗就是当成是威胁的话语。其实关于这种警告的梗还是有很多的，所就看你怎么使用了。
生孩子警告,生孩子警告是什么梗生孩子警告，是男性间的警告：女性又要用“有本事你来生孩子”这句话怼你了。在一些情况下，男女性双方因为男女权利和义务关系争执的时候，女性会用“有本事你来生孩子”这句话来表明：生孩子这么难这么痛苦的事情是女生来做的，男生不必承受这样的痛苦，自然应该在其他方面多承担一些责任。但是一些无脑女拳，利用男性不能生孩子、不用承担痛苦的事情来为自己争取远超于男性的权利，借此认为自己不用承担义务等。因此生孩子警告现在也经常被用来嘲讽一些在正常讨论男女平等问题下的无脑女拳者。意思是：兄弟们不要争了，
爬山警告,爬山警告是什么梗爬山警告，这个网络热梗在抖音和社交媒体上流行，也有带你去爬山的说法。这个梗和秦昊主演的电视剧《隐秘的角落》有关，秦昊在微博上自己也用过。比如，秦昊cue热爱舞蹈的老婆伊能静：“别跳了，走，带你爬山去啊!”爬山警告，是从《隐秘的角落》张东升故事里引申出来的新梗，&amp;nbsp;在这部剧的开头就是秦昊饰演的反派张东升带他的岳父岳母去爬山，临时起意，一把将俩老人儿推下山致死。张东升热情的帮二老拍照，上前帮他们摆姿势，笑嘻嘻说着好了，没想到下一秒就将他们推下了悬崖，看到这里，很多观众都吓坏了。
富婆快乐球,富婆快乐球是什么梗富婆快乐球，网络流行语，源自于微博上流行的一个段子，内容如下：之前我朋友给个富婆包养了一个月6万 一个星期就逃了 钱也不要 那富婆拿刷碗的铁丝刷他龟头。“钢丝球”梗就此走红，被大家调侃地称之为“富婆快乐球”，成为了富婆、富婆包养、少奋斗几十年...几十年的代名词。富婆快乐球出处在哪上面提到了该词的具体出处，最早流行的时间是在2018年的5月16日。“快乐球”梗则是之前的网络梗“肥宅快乐水”的一种发展衍生的流行语体。富婆快乐球表情包该梗走红之后，又衍生出了“不想再努力球”、“擦鞭球
钢丝球,钢丝球什么梗钢丝球，源自于微博上流行的一个段子，内容如下：之前我朋友给个富婆包养了一个月6万 一个星期就逃了 钱也不要 那富婆拿刷碗的铁丝刷他龟头。“钢丝球”梗就此走红，被大家调侃地称之为“富婆钢丝球”，成为了富婆、富婆包养、少奋斗几十年...几十年的代名词。相关衍生词还有钢丝钉、富婆快乐杯、富婆快乐针、富婆快乐棒等。钢丝球表情包该梗走红之后，又衍生出了“不想再努力球”、“擦鞭球”...等说法，同时也被网友们制作成了系列的“富婆快乐球”表情包，受到了网友们的热烈追捧，被大量使用和转载开来，试问谁不
钢丝球警告,钢丝球警告是什么梗钢丝球警告，是网络梗“钢丝球”的衍生说法。钢丝球警告，是用“钢丝球的内涵”来给对方提出告诫的行为。而“钢丝球”梗最早源自于微博上流行的一个段子，内容如下：之前我朋友给个富婆包养了一个月6万 一个星期就逃了 钱也不要 那富婆拿刷碗的铁丝刷他龟头。“钢丝球”梗就此走红，被大家调侃地称之为“富婆快乐球”，成为了富婆、富婆包养、少奋斗几十年...几十年的代名词。
不胖警告,不胖警告是什么梗不胖警告，意思是每当你的朋友对你说“你不胖”或者“没觉得你长胖啊”的时候，这是一个善意的警告，即：你现在已经到了临界值，不能在吃了！假如你信以为真继续吃肉，0K你一定会胖。
真好警告,真好警告是什么梗真好警告，是因为郭京飞说真好是在调侃自己最近遇到的各种糟糕的事，但是却一本正经地宣称“真好”，强势为自己打气，反差萌让人忍不住大笑。于是大家就把所有不开心的小确丧都加上“真好”二字，是一种自己安慰的调剂，及时真的不开心，也要记得“真好”。而且明天会更好。微博上真好的梗出处出处：出自知名演员郭京飞在抖音上发的一段小视频，在视频中，郭京飞说自己肿的像个猪鳖蛋，真好。看电影时坐在导演边上睡着了，真好。一本正经胡说八道的安慰自己，疯狂自黑的模式让大家都记住了一个词“真好”。来自郭京飞的“倔
鸡笼警告,鸡笼警告是什么梗鸡笼警告，就是指言行举止太骚小心被关进鸡笼，这是由王境泽“真香警告”衍生而来的梗。在网络用语里，形容一个人骚或者说话阴阳怪气就会调侃这个人为“骚鸡”。下面是正确用法：1.我的微博要是被人知道的话我就社会性死亡了，全是骚话。虽然之前混二次元的时候更骚。但现在是对真人骚，所以每时每刻都想给自己鸡笼警告。2.本人虽然不是张若昀的粉，但我也太吃他的颜了8，尤其是穿西装或者白大褂的时候，我就忍不住发出鸡笼警告。3.抖音上火爆的视频大多都是体育系男生，再看一眼评论，嚯，必须鸡笼警告了。简单来说
鸭笼警告,鸭笼警告什么梗鸭笼警告，与鸡笼警告相对，就是指言行举止太骚小心被关进鸭笼。鸭笼警告，是由王境泽“真香警告”衍生而来的梗。在网络用语里，形容一个男人骚或者说话阴阳怪气就会调侃这个人为“骚鸭”。鸭笼警告，简单来说就是形容人骚的像鸭一样，小心关鸭笼里！下面是鸡的用法：1、好，被我抓到了；2、姐姐醒醒不能活活骚死啊；3、鸡就是鸡五颜六色还是鸡；4、当好你的鸡，其他的少操心；5、你这个骚鸡理我远一点啊；6、妈妈有鸡；7、四倍鸡笼警告；8、这就是骚鸡的下场；9、野鸡部落您里面请；
滋醒警告,滋醒警告是什么梗滋醒警告，是朱一龙粉丝小笼包们之中最早流行起来的网络语，意思就是“醒醒吧，别做白日梦了，不然我要把你给滋醒”。至于究竟是用什么液体来滋，那就要看网友们的心情了。最早的“滋醒警告”是用人体排泄物——小便来做表情包。这个表情包来源于一张生活医疗常识的插图，配图文字内容讲的是蛇毒入眼之后的急救方法：可以由几名男子轮流像患者喷射小便，最后通过用小便冲洗眼睛的方式减少眼睛对蛇毒的吸收。结果被配上“滋醒警告”之后，画面充满了尿性，变得十分搞笑。另外，滋醒警告还有其他味道的，比如“水溶C滋醒警告
热狗警告,热狗警告是什么意思热狗警告，源自于最近网络上流行的“王思聪吃热狗”的表情包，王思聪本人都看不下去了，发微博称，“你们别再发我吃热狗的照片了吗？！”，网友们调侃的称之为“热狗警告”，该梗因此走红网络。热狗警告出处在哪11月3日晚，中国的电竞战队IG获得了英雄联盟的世界总冠军，作为IG电子竞技俱乐部的创始人王思聪，在IG和FNC打比赛的时候更是直接坐在台下观看这场比赛，一个吃热狗面包的照片就此走红网络，被做成各种表情包。热狗警告发展经历该梗走红之后，网络上陆续出现了很多王思聪吃热狗视力表、王思聪吃热狗
飞刀警告,飞刀警告是什么梗飞刀警告，该梗是佐藤太郎因为说出今晚去吃烤肉这个死亡flag，而在接下来的剧情被blood stalk用飞刀杀死。飞刀警告，用于看到作中人物立下死亡flag时。xx警告，是指提醒他人接下来将要发生一些事。相当于提醒他人后面将要出现一些梗，没有「对错误行为提出告诫」的含义。飞刀警告，最早出自于泰拳警告。这句话总的来说是以旁观者的角度提醒当事人或其他旁观者，用法和背后的梗密切相关的，不过常常会出现被滥用的情况。
谢罪警告,谢罪警告什么梗谢罪警告，该梗来源于六小龄童多次在公开场合diss各种改编戏说西游记的影视作品，常见语录就有“戏说不是胡说，改编不是乱编”，“孙悟空怎么和白骨精谈恋爱呢，人妖不分，是非颠倒，有意思吗，像这样一个神话英雄，世界名著，如果如此恶搞，那么这个剧的主创人员是需要向本国人民谢罪的”，被网友们称之为“谢罪警告”...虽说六小龄童一直在捍卫他心中的正典，但是却代言了一看就是垃圾品质的西游记题材手游。
律师函警告,律师函警告是什么梗律师函警告，是警告对方自己将要发出一份律师函。&amp;nbsp;律师函警告，相当于威胁要用法律途径解决问题，由于「卢本伟开挂事件」使这个梗广为流传。律师函警告，现常用在各种和卢本伟、蔡徐坤、外挂、造谣有关的场合。泰拳警告是什么意思：https://gengbaike.cn/doc-view-230.html
漂亮警告,漂亮警告是什么梗漂亮警告，提起漂亮警告不得不提起在快手上，有一个短片主播，他的名字叫华农兄弟。华农兄弟在家里，主要是养竹鼠、养猪、养鸡鸭之类的牲口。但是华农兄弟却依靠着一条用一百种借口吃竹鼠的视频，火了起来。看过视频的人应该都知道，华农兄弟每次想吃竹鼠了，就会去自己养殖竹鼠的房间，去巡视适合吃掉的竹鼠。一会儿用这个竹鼠打过架浑身都是伤，说不定还有内伤的借口吃掉了一只。一会儿用这个竹鼠中暑了，可能撑不过去，不如把它吃掉吧。还什么抑郁症、太胖了、太瘦了等等借口，使得这些竹鼠纷纷逃不过被吃掉的命运。本来
泰拳警告,泰拳警告是什么梗泰拳警告，该词的意思是用武力作为给对方提出告诫的行为，使其有所警惕并认识应负的责任。除了“泰拳警告”的用法之外还有“警告一次，下次泰拳”的说法。泰拳警告出处在哪该词出自电竞圈LOL，事情的经过如下：EDG虽然是国内最强的一支战队，但就是打不过韩国的顶尖战队，成败论英雄，因此在国内也总是被黑出翔！15年的时候一位自称是学过泰拳的厂长（EDG打野诺言）发帖自爆，讲述他用泰拳打了他59e（OMG战队粉丝）舍友的经过。因为59e舍友也在一直黑ED，警告无效之后直接泰拳将对方眉骨打断。！该帖
lsp,lsp是什么梗lsp，是“老色批”的缩写。lsp，舞蹈区和颜值区的视频多见lsp的评论，当有人在up主下面留言时，会有其他网友调侃一句lsp。并非人身攻击。但为了避免误会，尽量不要随意玩梗。lsp，大家看字面意思都懂，什么意思不做多介绍，常见的地方多在b站弹幕以及抖音评论区中出现，当画面出现美女以及其他相关画面就会有非常多这样的评论。lsp例句lsp一个.是lsp没错了
老色批,老色批是什么梗老色批，缩写是lsp。有老色狼，老好色鬼，老登徒子之类的意思。老色批，舞蹈区和颜值区的视频多见lsp的评论，当有人在up主下面留言时，会有其他网友调侃一句lsp。并非人身攻击。但为了避免误会，尽量不要随意玩梗。老色批，大家看字面意思都懂，什么意思不做多介绍，常见的地方多在b站弹幕以及抖音评论区中出现，当画面出现美女以及其他相关画面就会有非常多这样的评论。老色批例句lsp一个.是lsp没错了
老污龟,老污龟是什么梗老污龟，有老色狼，老好色鬼，老登徒子之类的意思。老污龟，相关的梗是老色批。老污龟，大家看字面意思都懂，什么意思不做多介绍，常见的地方多在b站弹幕以及抖音评论区中出现，当画面出现美女以及其他相关画面就会有非常多这样的评论。
让1更1让0更0,"让1更1让0更0是什么梗让1更1让0更0，出自@文明趴趴锤的一条微博：眼镜,让1更1,让0更0。这句话博主并没有什么特殊的解释了,懂的自懂哦。简而言之就是A的人更加的A了,软萌的人就更加的软萌了,可以说没有什么是一副眼镜改变不了的,戴上眼镜之后气质会发生变化，在不同的人身上有不同的体现哦。&amp;nbsp;"
十五的月亮16元,十五的月亮16元是什么梗十五的月亮16元，其实最初的雏形是十五的月亮十六圆，因为在过去十六这天月圆的次数比十五多。由于现在互联网的发达，被谐音成十五的月亮16元了，也就有另外的一层意思了。现在十五的月亮16元这句话更多的是用来邀请亲密的人一起中秋赏月的体现。十五的月亮16元，这句话主要就是借着中秋节的到来，问亲爱的人要红包，不仅相爱的人之间可以使用，亲人、好友之间同样可以使用。
985头,985头是什么梗985头，是指一看头型就感觉很聪明。985头这个梗来自于本冰的微博，她在微博里是这么说的，“张老师看了马国庆的新照片，说国庆的脑袋是一个985头。985头是她们那儿的一种说法，用来描述圆头圆脑的聪明小孩儿，大脑袋，宽脑门，一看就知道即使现在不用功，将来也能够轻松考上985。”不少网友也同意了这个说法，还说宽脑门，真是学霸们很显见的特征。除了985头还有学霸脸，这种人一般都是大方宽脸，而且眉毛一般粗且往上扬。很多时候，老人都会夸脑门大的人聪明，这种说法和“985头”是不谋而合。
泥头车,泥头车是什么梗泥头车，这个词经常出现在微博、论坛、贴吧等互联网平台上，泥头车在网络中多用来玩梗，形容人比较莽撞，比如电竞技术菜，像泥头车一样横冲直撞。比如，在看到某些让人不舒服、引起大家愤怒的情况下，有人就调侃用“泥头车”撞了这个垃圾。泥头车是什么意思泥头车，是一种重型车，多用来装一些不怕摔坏的重物，如泥沙、泥土等建筑材料等，所以被叫做泥头车。&amp;nbsp;在马路上遇到泥头车要小心，这种大车的司机视野比小轿车要小，所以要驾驶时不要靠太近。
喝奶茶请小声一点,喝奶茶请小声一点是什么梗喝奶茶请小声一点，这个梗和最近火起来的秋天的第一杯奶茶有关。秋天的第一杯奶茶指的是在这个冷的秋天，有一杯热乎的奶茶，就是心里特别温暖，在意你的人，看到你发的消息，或者主动发你52元的奶茶钱，让你能喝到秋天的第一杯奶茶。喝奶茶请小声一点下一句喝奶茶请小声一点，其实是单身狗对秋天的第一杯奶茶这个梗的回应，下一句是吵到我喝西北风了，是不是很有趣呢，真是单身实惨。
秋天的第一打啤酒,秋天的第一打啤酒是什么梗秋天的第一打啤酒，是不少朋友在微信朋友圈看到很多男生有发一个截图，其中的图片显示是微信转账52元或者520元，配上文字“秋天的第一打啤酒”。秋天的第一打啤酒，其实对应的就是秋天的第一杯奶茶这个梗，在秋季变凉之际，微信转账52元或者是520元发给自己的情侣或者是好朋友，让他能在秋天喝上你亲自为他送上的第一打啤酒。秋天的第一杯奶茶在微信朋友圈大火了，一般送给别人喝奶茶都是女生，为了男生也享受到秋天的福利，所以一些男性的网友就创造了这个梗，并且表示“在该喝酒的年纪千万不要说你只喝
肉蛋葱鸡,肉蛋葱鸡是什么梗肉蛋葱鸡，是指很菜（垃圾）的操作。在游戏《英雄联盟》中有一个叫酒桶的英雄，它的E技能叫：肉弹冲击。在游戏主播大司马玩这个英雄的时候，经常带来一些很菜、很下饭的操作，所以这个大招就被大家谐音成：肉蛋充饥和肉蛋葱鸡。
手游坟场,手游坟场是什么梗手游坟场是指出某公司为手游坟场的说法，表示只要经过这家公司手的游戏都是凶多吉少，大概率开服暴死。例如，b站运营的游戏在短时间内“凉凉”的现象，b站代理的手机游戏如同中了魔咒一般，纷纷不得善终， 乃至b站都为此背上了一个“手游坟场”的称号。
b站钢琴内卷,b站钢琴内卷是什么梗b站钢琴内卷，是b站上面又出现了一个叫做钢琴内卷的新梗。b站钢琴内卷，指的是目前b站上面有很多弹钢琴的up主，随着up主数量越来越多，如果是正常的弹钢琴的话，已经很难吸引到观众了，所以就有很多卖肉弹钢琴的up主，大多数的观众也不是来看钢琴的。有up主一开始是认真的弹钢琴，发现播放量只有几万，然后开始穿cos服装之后，播放量直接上百万了。内卷是什么意思在百度百科中定义是“指一种社会或文化模式在某一发展阶段达到一种确定的形式后，便停滞不前或无法转化为另一种高级模式的现象”，说通俗点
秋天的第一杯奶茶,秋天的第一杯奶茶是什么梗秋天的第一杯奶茶，大概就是秋天很适合谈恋爱，然后就有男生给女朋友发52元红包，还说这是秋天的第一杯奶茶，所以其她女孩子都觉得很甜，就开始纷纷效仿啦！现在延伸为朋友、亲人给你买奶茶，反正最终意义就是有人惦记你，有人爱着你怎么样， 你喝到秋天第一杯奶茶了吗？跟个风！我也想要秋天第一杯奶茶！
在冒拆懂,在冒拆懂是什么梗在冒拆懂，这个梗其实是一句话的缩写，浓缩的都是精华，原文为“在吗？冒犯到我了？摄像头拆一下？懂了？”。这句话的引申意义也可以理解为“这也太真实了吧。”在冒拆懂，比如当他人道出了人间真实的事情后，感觉有被冒犯到时使用。在冒拆懂，这个梗其实是“这也太真实了吧”的引申意义，同时也有网游们会玩梗将其表述为“摄，拆，懂？”调侃完整的表达是：把装在我家的摄像头拆一下，懂？你是不是在我家里装了摄像头啊之类的。
1818造星工厂,1818造星工厂是什么梗1818造星工厂，是指“1818黄金眼”所报道的不少当事人变成网红，例如粗眉毛的小吴、在最近火起来的被钢化玻璃自爆割伤的小张等。《1818黄金眼》 是浙江广播电视集团民生休闲频道推出的民生新闻节目。以“关注民生，服务百姓”为栏目宗旨，以百姓的眼睛看百姓，和老百姓零距离接触，全心全意为老百姓服务，与百姓心贴心。1818黄金眼在B站和抖音上，经常的出现一些奇葩的耐看好笑的新闻，成为了很多人快乐的源泉。
石上真男人,石上真男人是什么梗石上真男人，是关于《辉夜大小姐想让我告白》中的一个梗，那就是“石上真男人”，石上明明不是主角，但是他这个梗的热度却丝毫不比其他人的热度弱。石上优是白银和辉夜所在学校的高一年级的一位天才电脑玩家，同时也作为学生会的会计存在者，起初的话可能大家注意到的就是这个人物的聪明程度吧，还有他显赫的家世，然后也有着一段隐秘的过去让人不能理解，对此大家知道最多的就是石上害怕辉夜，但是有一个点特别值得注意，那就是“真男人”这个梗。石上真男人，这个梗的出处其实非常好理解，大友京子在被自己的前任男友欺
美国菩萨,美国菩萨是什么梗美国菩萨，指的是漫威电影“美国队长”的扮演者-克里斯.埃文斯。&amp;nbsp;美国菩萨来源来由是北京时间2020年9月13日美队在推特上误传了一张自己的大鸟图大概16cm导致全球网民沸腾。&amp;nbsp;在2020年大家都如此沉闷的情况下，美国队长用一鸡之力让全世界人民沸腾了起来，让人觉得活着还是有希望的，有盼头的。&amp;nbsp;只有他克里斯·埃文斯能让所有人停止争吵，忘记仇恨，齐声 说一句：谢谢你，过瘾了。——微博@语文指挥中心
我太难了,我太难了是什么梗我太难了出自“快手”视频网站上的一个“土味视频”。视频配了一曲忧伤的音乐，主播眉头紧锁，眼神空洞，一边说着“我太难了，老铁，最近压力很大”，一边欲哭无泪地用双手紧紧扶住额头。该视频发布后，“我太难了”立即引爆网络。随后，网络上还出现了以“我太难了”为主题的表情包，为了好玩有趣，用麻将牌中的“南风”代“难”。也有人据此把话说成“我太南了”。“我太难/南了”的流行，是普通网民希望释放生活压力的心理表现。我太难了出处出自快手红人黑猫警长giao哥之口。giao哥最开始作为“土味视频”的代
被迫海王,被迫海王是什么梗被迫海王，是指明明过的是青灯古佛的单身生活，但是在别人的眼里面却是一个花花公子，被迫成为了海王。天天被造谣在异性堆里盘旋，其实恋爱也没怎么谈过，连异性的手都没牵过。消息一来别人调侃暧昧对象来信息了，其实只有自己心里知道每天唯一的一条就是微信运动。
别用衣架晾口罩,别用衣架晾口罩是什么梗别用衣架晾口罩，是网友在微博中进行投稿内容，看错了同事认成了内裤，同时也引起搞笑又尴尬的谈话模式。别用衣架晾口罩是鉴于这个操作太尴尬太骚气了，所以网友们才会说“别用衣架晾口罩”。
大兴西北,大兴西北是什么梗大兴西北，是小说《第一序列》的一个梗，很多网友喜欢在网上说这个梗。大兴西北，说的意思就是让西北大兴（振兴）。这句话在小说中经常出现于配角“大忽悠”口中，想让被人和他一起去西北。因为小说中的西北是178要塞，等于一种招揽人才的手段。网友在使用大兴西北，这个梗的时候，就有种向别人安利的感觉。
负债调音师,负债调音师是什么梗负债调音师，是形容一个多媒体作品的音效调的特别烂——可能是因为没给够调音师钱。“负债”是钱少的一个夸张说法，少到0还不够，还要少到负数。调侃该调音师真的不赚钱还要自己倒贴钱，这赔本买卖任谁会好好干啊。负债调音师，反义词为百万调音师（年薪百万，因为调音水平高，调的音效非常棒）。
发烂发臭,发烂发臭是什么梗发烂发臭，是出自《小时代2》顾里的生日宴上南湘对顾里说的狠话。发烂发臭，是南湘对顾里说的狠话：“我也发自内心的祝愿她，从今以后，和我的人生一样，开始发烂，发臭！”。以下为精简版：吵什么吵，就这么一点事。今天我们大家之所以欢聚在这里，是为我们从小到大的好朋友顾里，庆祝她的生日。今天，我要敬我的好姐妹，感谢她，分享了我的悲惨人生。我也发自内心地祝愿她，从此以后，和我的人生一样，开始发烂，发臭！&amp;nbsp;发烂发臭，可用于引战or吵架回复，变梗骂人。
无脑下单,无脑下单是什么梗无脑下单，其实就是在讽刺现在直播平台、短视频和电商合作，坑观众的现象。无脑下单，这个梗出自于视频博主“郭仙人”的一句口头禅和他拍摄的模仿电商系列的视频。在他拍的系列视频里，他一人分饰两角，表演跟带货主播杀价，经常跟主播喊这句话。因为其做的内容是“某些电商主播是如何忽悠的系列短视频”而火爆全网，收到网友和一大波视频博主的争相模仿，因为其视频段子简单搞笑，所以火爆全网，也带火了视频内容中的对话。
人类还有希望吗,人类还有希望吗是什么梗人类还有希望吗，这个梗是由抖音中一些中二少年或者是喜欢奥特曼和铠甲勇士的小朋友先开创的，后来这个梗也扩大到抖音上一些高些主播或者是不明所以做着奇怪的事的人。人类还有希望吗，此梗更多的是来调侃一些搞怪主播，以及一些在抖音中发布大部分人看不懂的视频兴起的，在视频中的博主往往会表演的特别不像正常人，做着平常人无法理解的事，这一拍摄内容一经发布迅速爆火，所以大家都争相模仿，于是越来越多的视频出现，此梗也就伴随着出现了。
朔花香芳僻,朔花香芳僻是什么梗朔花香芳僻，其实理解起来还是非常简单的。朔花香芳僻这句话乍一看像是一首古诗，但是如果你将这句话读很多次，那么你会发现，你所读出来的和这句话完全不一样，其实这句话的意思就是“说话像放屁”的同音梗。朔花香芳僻，是因为在有些时候，直接说别人说话像放屁的话，可能会有点不礼貌，但是使用这样的同音梗，看上去不会显得很莽撞，而且别人还有可能觉得你挺有内涵。可以使用朔花香芳僻这句话，委婉地表达对方说话像放屁。
一个人的全家福,一个人的全家福是什么梗一个人的全家福，即你一个人自拍就是一张全家福，是个比较委婉的骂人的话。一个人的全家福，即他家只剩他一个人了，言下之意就很明显了。
开屏暴击,开屏暴击是什么梗开屏暴击，是指视频刚开始的画面就非常震撼人心。开屏暴击，是个中性词，可能是褒义的美颜暴击或者名场面来袭，也可能指辣眼睛，雷人等。总之，开屏暴击是很让人受刺激的画面。
联系我们,梗百科（gengbaike.cn），网站内容大部分来源于网络，是为传播更多的信息，与网站立场无关，如有侵权请联系删除！lzh.810@foxmail.com；本站承接各类广告。违法和不良信息举报、反馈建议邮箱：lzh.810#foxmail.com1、违法举报：违反中国相关法律法规，如宣扬暴力、凶杀、恐怖或者教唆犯罪，或者存在泄漏个人隐私（身份证号、私人电话、家庭住址）等情况。&amp;nbsp;2、词条反馈：词条信息错误、存在诽谤、恶意编辑、删除有用信息，请求锁定、修正、删除词条情况。3、侵权投诉： 用
如果这都不算爱,如果这都不算爱是什么梗如果这都不算爱，是中文ACG圈中CP领域的用语。在ACG圈，如果这都不算爱，意思引申为“这才是爱”。如果这都不算爱，出自中国香港歌手张学友演唱的知名歌曲《如果这都不算爱》。在ACG作品中，一名角色为了关怀、保护、拯救另一名角色及其利益，会心甘情愿地历经艰难困苦、做出常人难以做到的壮举。为此他还可能会主动牺牲自己的利益，甚至健康、生命。观众看到这一幕时，会对这一对角色怀有“如果这都不算爱”的感慨。这一场景通常是在宣示他们是真爱，因此，这句话一般都被用在一对真爱CP身上。如果这都
摄影师晚餐加根鸡腿,摄影师晚餐加根鸡腿是什么梗摄影师晚餐加根鸡腿，这句话在弹幕网站中经常出现，是广大绅士网友对动画出现的福利镜头例如恰当的时候地上出现一滩水，然后女生走过时候出现了完美的裙底镜面反射，那弹幕内容就为：导演，给摄影师的晚饭加个鸡腿。相反的话就是，摄影师你明天不用来上班了，这句话在弹幕网站中经常出现，是广大绅士网友对动画即将出现的福利镜头时视角突然移开或者突然给男女主人公面部特写等行为的吐槽。通常和“组队踢圣骑”“组队踢暗牧”配合使用。于是在某些情况下你会发现摄影师一会被赶跑一会加鸡腿。摄影师：MD我招谁
摄影师你明天不用来上班了,摄影师你明天不用来上班了是什么梗摄影师你明天不用来上班了，这句话在弹幕网站中经常出现，是广大绅士网友对动画即将出现的福利镜头时视角突然移开或者突然给男女主人公面部特写等行为的吐槽。通常和“组队踢圣骑”“组队踢暗牧”配合使用。相反，如果出现了福利镜头例如恰当的时候地上出现一滩水，然后女生走过时候出现了完美的裙底镜面反射，那弹幕内容就可以改为：导演，给摄影师的晚饭加个鸡腿。于是在某些情况下你会发现摄影师一会被赶跑一会加鸡腿。摄影师：MD我招谁惹谁了!然而动画STAFF表里的摄影是负责后期合成的。然而有
银梦厨,银梦厨是什么梗银梦厨，是流行于特定人群之间的用语，意为“对不起这里不欢迎银梦厨”。出典是变态粪亲父的美文朗读版千折一句话「この前から、电话してくれてるおっさん连中、申し訳ないが昼はNG」（之前打电话来的老爷子们，对不起白天不行）银梦厨，活用法始自淫梦相关视频，最初形态为“申レN”，全句为“申し訳ないがレスリング厨はNG”（对不起这里不欢迎兄贵厨）当淫梦相关视频中出现哲♂学梗时淫梦民就会在弹幕中发送“申レN”或“申reN”。作为反击，当哲♂学视频中出现淫梦梗时哲♂学家们同样会使用“申淫N”（对不起这
CV都是怪物,CV都是怪物是什么梗CV都是怪物，是广大观众对声优在配音工作中表现出的各种高超技艺/变态发挥的一句常见赞叹/吐槽，常见于视频网站的弹幕中。CV，是角色声音的意思。很多人误认为CV（Character Voice）是日本人对声优的简称，甚至有人认为CAST也是声优，实际上CV只用来标示作品中角色是由哪位配音员来配音的，即角色声音的意思，并不是声优这个职业的名字，而CAST是演员表的意思，跟声优更是没有任何关系。CV指特定角色背后的配音演员。例如：“xxx（角色）的CV是xxx（声优）”。不能把CV当
声优都是怪物,声优都是怪物是什么梗声优都是怪物，是广大观众对声优在配音工作中表现出的各种高超技艺/变态发挥的一句常见赞叹/吐槽，常见于视频网站的弹幕中。声优在配音时经常需要精分一人分饰多角，或是同一个声优配性格和/或声线反差特别大的角色（可以看作声优梗的一种），或是做出普通人难以做到的配音效果（包括但不限于：语气夸张的语音、极快的语速、夸张奇怪的叫声或笑声、模拟语音在非正常条件下的变异效果、给动物配音，等等）。出现这些高超技艺时，往往就会有弹幕吐槽“声优都是怪物”。怪物声优一人分饰多角《舰队Collection
肝败吓疯,肝败吓疯是什么意思表示自己不如对方努力，极其惊异于对方的成果。肝败吓疯，多用于评论《舰队collection》等需要肝的游戏的玩家晒出的成果。肝败吓疯举例那位JULAO晒了三页满级婚舰马路油，本人肝败吓疯。
是在下输了,是在下输了是什么梗是在下输了，是通常印写在图片表情里的一句话，表示甘拜下风。是在下输了出处一个著名的QQ表情，上书“阁下果然是装逼高手，是在下输了。” 另有法文版、德文版、文言文版等。动画我，要成为双马尾里面的爱帝美基尔中的剑道大师说出来的。此梗常用于斗图失败，或者看见牛逼的事物的时候，有感而发的某一个人说出来的。 （起源于装逼界，具体尚未考证。）使用可以无视场合，基本上都可以用于回帖语言（水经验）是在下输了用法用于表示对别人技术艺术方面的认可，或者是斗图，晒妹装逼等情况下的调侃。白话版： “是在
文明观奶,文明观奶是什么梗文明观奶，也叫文明观球，是一句流行的弹幕用语，用来表达对画面中女性欧派或其他类似于球的东西，如胸的赞叹。文明观奶，这个说法现在更多为广大网友在胸前的球类运动视频里刷的弹幕。在2014年前后兴起的网络直播平台中，存在着许多单纯福利向、甚至打着擦边球的女主播然而有很多人就是爱看。在这样的直播间内，女主播衣着暴露、浓妆艳抹，有时甚至袒胸露乳。许多人会刷“文明观球”，表达一种 “我们都心知肚明这就是个卖福利的直播，所以不如大家一起愉快地看乳球吧~” 的意思。这句话于是流行了起来。后来在弹幕
文明观球,文明观球是什么梗文明观球，是一句流行的弹幕用语，用来表达对画面中女性欧派或其他类似于球的东西，如胸的赞叹。文明观球，本义看起来是在球类比赛时呼吁球迷文明观赛，这个说法现在更多为广大网友在胸前的球类运动视频里刷的弹幕。在2014年前后兴起的网络直播平台中，存在着许多单纯福利向、甚至打着擦边球的女主播然而有很多人就是爱看。在这样的直播间内，女主播衣着暴露、浓妆艳抹，有时甚至袒胸露乳。许多人会刷“文明观球”，表达一种 “我们都心知肚明这就是个卖福利的直播，所以不如大家一起愉快地看乳球吧~” 的意思。这句
我不要看繁星,我不要看繁星是什么梗我不要看繁星，是一句流行的弹幕吐槽语，主要用于表示对进度条阵亡的叹息之情。我不要看繁星，本句来源于腾讯动画以女性向(基腐)为题材的作品《灵契》。其片尾曲《Awake》的第一句歌词是“看繁星”，“看繁星”三字悠扬地一出口，就代表着本集的结束。于是大家伙儿就纷纷刷弹幕，刷了满屏弹幕“不看繁星”“我不要看繁星”等，表达了观众姥爷们不舍的悲愤心情，继而流行起来并沿用到对于其他番剧结束而不舍的场合。我不要看繁星，其实完整版的歌曲第一句并不是看繁星。我不要看繁星用法我不要看繁星，我要看端木
我敬你是条汉子,我敬你是条汉子是什么梗我敬你是条汉子，是国内网络成句，典型用途是在弹幕网站的弹幕中，对动画中自我牺牲的情节进行实时弹幕赞叹或吐槽；在论坛或贴吧的回帖中也时有使用。动画作品的情节中常常出现自我牺牲的情节，即某角色有意识的主动损害甚至抛弃自己的利益、名誉（比如做出自曝的举动，再如背锅）甚至健康、生命（比如自残甚至自杀）；其中，比较典型的是舍己为人的壮举，即以给他人带来利益或避免他人的损失为目的的自我牺牲。当这种壮举出现时，在弹幕网站上常常出现我敬你是条汉子弹幕加以赞叹。我敬你是条汉子，最经常在所提及的
我又出生了,我又出生了是什么梗我又出生了，是一句DD专用网络流行语，是DD们对单推和喜欢的一种表达。我又出生了，本成句（特指在与VTuber相关的场合使用）是因B站用户“Shirakamiフブキ”在各个VTuber动态下用其表达单推之情而流行起来的。我又出生了，最早的版本是我从出生就开始喜欢xx。经过DD们的学习和模仿再简化成我（又）出生了，被DD用于表达单推。在《【B站首播】是狐狸不是猫的白上吹雪来了哦！》的白上吹雪b站首次独播内，经内部人员字幕组工具人解释，白上吹雪将其解释为“为了看这个视频我出生了！”我
我出生了,我出生了是什么梗我出生了，是一句DD专用网络流行语，是DD们对单推和喜欢的一种表达。我出生了，本成句（特指在与VTuber相关的场合使用）是因B站用户“Shirakamiフブキ”在各个VTuber动态下用其表达单推之情而流行起来的。（我自闭了是什么梗：https://gengbaike.cn/doc-view-79.html）最早的版本是我从出生就开始喜欢xx。经过DD们的学习和模仿再简化成我（又）出生了，被DD用于表达单推。在《【B站首播】是狐狸不是猫的白上吹雪来了哦！》的白上吹雪b站首次独播内
祥瑞御免,祥瑞御免是什么梗祥瑞御免，该梗据说马伯庸非常奇特，与他有接触的人常会遇到霉运，就算与朋友一起遇车祸，朋友多受伤，轻重不一，而他却是多次毫发无伤，类似于国宝熊猫般的幸运，所以人称祥瑞亲王，而遭受劫难的称为“被祥瑞了”。类似被吸取好运的意思。朋友间就是提到他的名头，都要说声“祥瑞御免”才能逃过一劫……后来逐渐演变成只要一说“祥瑞御免”，就等于是召唤厄运的技能了，所以轻易不动用，一旦出口，在场的所有人都会复述一次以防被波及……不过由于跟风严重，很多原本习惯回帖“路过”的人已经改成“祥瑞御免”，当前已经广
想多了,"想多了是什么梗想多了，是弹幕中的一句吐槽语。通常是这样的,当别人没有那种想法，而你想的太细或比较敏感，有那种想法。别人就觉得“你想太多了”啦。想多了，因为观众是上帝视角，有非常完整的情报有可能会剧透，所以看到作品中的角色对有限的情报进行合理分析后得出有误差的结论后，会发弹幕吐槽。例如BOSS对主角一行人的判断。想多了意思可能是想说明以下几种情况：脑洞大分析能力强剧情需要滑坡谬误出现的场景飞鼠有感而发说了一句「征服世界应该会很有趣吧」，被一旁的迪米乌哥斯解读成主要目标是征服世界并自认为「这一切全部是"
小别致长得真东西,小别致长得真东西是什么梗小别致长得真东西/小东西长得真别致，是常见的吐槽用语，常用于动画中人物/事物形象奇特长得丑的情况，尤其常见于角色黑化时的弹幕中。小别致长得真东西，此句似乎最早出现于《爱情公寓3》第2集6分48秒左右。胡一菲与曾小贤在酒吧寻找陈美嘉时，发现一个与陈美嘉背影相似的胡渣男，曾小贤说了一句：“呦呦呦呦，小东西长得真别致。” 由于汉字的顺序并不一定能影响阅读，在弹幕中此句常常被写作“小别致长得真东西”，以吐槽人物形象别致。有时会扩句成为“你这个小别致长得可真东西呢”等。小别致长得真东
小东西长得真别致,小东西长得真别致是什么梗小东西长得真别致，是常见的吐槽用语，常用于动画中人物/事物形象奇特长得丑的情况，尤其常见于角色黑化时的弹幕中。小东西长得真别致，此句似乎最早出现于《爱情公寓3》第2集6分48秒左右。胡一菲与曾小贤在酒吧寻找陈美嘉时，发现一个与陈美嘉背影相似的胡渣男，曾小贤说了一句：“呦呦呦呦，小东西长得真别致。” 由于汉字的顺序并不一定能影响阅读，在弹幕中此句常常被写作“小别致长得真东西”，以吐槽人物形象别致。有时会扩句成为“你这个小别致长得可真东西呢”等。举例《工作细胞》中肺炎链球菌、绿
一人一勺不许多喝,一人一勺不许多喝是什么梗一人一勺不许多喝，也叫一人一口不许多喝，是动画作品中角色入浴时的弹幕吐槽用语。一人一勺不许多喝，常用于动画中角色泡澡、泡温泉的时候，尤其常用于年轻貌美的女性角色。（一人一口是什么梗：https://gengbaike.cn/doc-view-180.html）宅迷在动画作品中看到自己喜欢的角色入浴的时候，往往会使用此类语句用于表达自己对角色的绅士般的喜爱，对其洗澡水也爱屋及乌，情不自禁地要去喝。因为要喝的人太多，而洗澡水往往只有一浴缸，所以往往会用“一人一勺”来“谦让”。“
一人一口,一人一口是什么梗一人一口，是动画作品中角色入浴时的弹幕吐槽用语。一人一口，常用于动画中角色泡澡、泡温泉的时候，尤其常用于年轻貌美的女性角色。宅迷在动画作品中看到自己喜欢的角色入浴的时候，往往会使用此类语句用于表达自己对角色的绅士般的喜爱，对其洗澡水也爱屋及乌，情不自禁地要去喝。因为要喝的人太多，而洗澡水往往只有一浴缸，所以往往会用“一人一口”来“谦让”。“一人一口”的历史可以追溯至《三国演义》第七十二回 《诸葛亮智取汉中　曹阿瞒兵退斜谷》又一日，塞北送酥一盒至。操自写“一合酥”三字于盒上，置之案头
口袋饱饱,口袋饱饱是什么梗口袋饱饱，意思和“荷包鼓鼓”差不多，由疼痒少主山泥若所创。口袋饱饱的用法一、本意，形容赚到了;二、恶心山泥若，保安们怀疑猪猪为了上分请演员，就会说对面“口袋饱饱”；三、恶心职业选手，在LOL比赛中，有选手的表现菜得像在打假赛，带哥们就会调侃其口袋饱饱；山泥若表面看起来是一个播一休三的的劳模主播，实际上是掌握了LOL电竞财富密码的峡谷赌王。大家都知道，每一场LPL比赛中，直播平台的官方都会开出鱼丸竞猜，猜比赛胜负、一血等等。山泥若作为前WE战队打野，对比赛的理解明显强于普通观众，所以
初来乍到，了解一下,梗百科，是一部内容开放、自由的网络梗百科全书，旨在创造一个涵盖网络梗文化的中文知识百科全书。在这里你可以参与词条编辑，分享贡献你的知识。梗百科，是一个以梗、网络语、流行语等为主题的网站，网站建立的初衷是为大家分享网络梗百科知识，提供一个资料参考以及优秀的百科平台！梗百科，致力于打造真实、可靠、专业的百科知识平台。一直以来网站始终坚持采用人工添加的方式，从各个优秀的站点中筛选优秀的梗知识推荐，网站收录采取宁缺毋滥的原则，一点一滴的去积累和耕耘，欢迎大家参与词条编辑，分享贡献你的知识。
我要成为词条达人,推荐词条推荐词条必须是优质词条，具有较强的知识性和专业性，且用词规范、排版美观、阐释适度、通俗易懂，符合互联网阅读习惯。对于图片的数量和质量要求更高。热门词条热门词条是梗百科首页的模块之一，近期最热门的产品和事件，对词条来源的全面性提出了更高要求。精彩词条精彩词条是梗百科首页的模块之一，精彩词条可在首页展示，以便向更多的用户展示相关词条的精彩内容。
内容过于真实引起不适,内容过于真实引起不适是什么梗内容过于真实引起不适，该词多用来评论让人看过之后感觉身心不适的帖子、博文、视频...等等内容，都可以用该词作为回复。内容引起不适出处在哪该词是2017年才开始流行的网络语，内容引起不适，举报了。最早源自于贴吧。
内容引起极度舒适,内容引起极度舒适是什么梗内容引起极度舒适，是一个用来表达感情的网络用语。内容引起极度舒适，2017年开始流行的网络语，是“内容引起不适，举报了”一句的衍生形式。最早源自于贴吧，完整的说法是“内容引起舒适，建议加精”。（这腿我能玩一年是什么梗：https://gengbaike.cn/doc-view-173.html）当网上出现一些类似于以下这种现象或事件的报道或描述时，围观群众通常都会发出一声引起（极度）舒适的感慨：恶性事件的犯人被枪毙或逍遥法外后被愤怒的受害者家属砍死作死的熊孩子遭到教训杠精被
这腿我能玩一年,"这腿我能玩一年是什么梗这腿我能玩一年，是绅士表达内心喜悦的一个常见句式。玩一年？不存在的，两个月你们的身体就顶不住了。这腿我能玩一年出处最早源自于绅士们对美腿的性冲动评论。电影《龙在边缘》中台词“看那双腿也足够玩一整晚”这腿我能玩一年用法二次元在看到各种各样白丝黑丝的福利时在Fate/stay nightUBW线中, 慎二摸着远坂凛的黑丝说道结果被忽然出现的幸运ELancer打飞远坂凛腿音三次元也是绅士们看到各种美腿的时候特殊用法其实并不只是绅士们喜欢玩腿, 科学家和触手们同样喜欢玩。[1]Bos"
缘妙不可言,"缘妙不可言是什么梗缘妙不可言，出自于1999年上映的中国电影《缘，妙不可言》，后成为网络节目《瞎看什么》以及《阅后即瞎》的口头禅。（人干事是什么梗：https://gengbaike.cn/doc-view-166.html）缘 妙不可言,在于你永远无法预料,下一秒将会和谁分离，一个转身，永不相见；在于你永远无法预料，下一秒将会和谁相遇，一个眼神，为他沦陷缘妙不可言用法在射击游戏视频中，当玩家没有瞄准对方却完成击杀时，在弹幕使用该句进行调侃。人物身世黑幕被揭露，发觉其与其他人物有联系时。参见狗血大"
张口闭眼女,张口闭眼女是什么梗张口闭眼女，是张口闭眼男的衍生词。指张口闭眼、高潮脸一般神情的女人。张口闭眼男，指的是野兽先辈的高潮脸一般的神情，后来可以指任何张口闭眼的人和事物。张口闭眼，出自日本㚻片公司「COAT CORPORATION」于2001年拍摄的一系列㚻片《Babylon Stage 34 仲夏夜之淫梦》。于第四章中登场的野兽前辈（田所浩二）在视频后半段由于高潮而露出的神情，该表情被人称作“张口闭眼”，并作为一个经典的BB素材做成音MAD视频/表情包等而在网络上流行。原本张口闭眼指的是野兽先辈的高
张口闭眼男,张口闭眼男是什么梗张口闭眼男，指的是野兽先辈的高潮脸一般的神情，后来可以指任何张口闭眼的人和事物。张口闭眼，出自日本㚻片公司「COAT CORPORATION」于2001年拍摄的一系列㚻片《Babylon Stage 34 仲夏夜之淫梦》。于第四章中登场的野兽前辈（田所浩二）在视频后半段由于高潮而露出的神情，该表情被人称作“张口闭眼”，并作为一个经典的BB素材做成音MAD视频/表情包等而在网络上流行。原本张口闭眼指的是野兽先辈的高潮脸一般的神情，后来可以指任何张口闭眼的人和事物。因为众多动画作品&amp;
张口闭眼,张口闭眼是什么梗张口闭眼，出自日本㚻片公司「COAT CORPORATION」于2001年拍摄的一系列㚻片《Babylon Stage 34 仲夏夜之淫梦》。于第四章中登场的野兽前辈（田所浩二）在视频后半段由于高潮而露出的神情，该表情被人称作“张口闭眼”，并作为一个经典的BB素材做成音MAD视频/表情包等而在网络上流行。原本张口闭眼指的是野兽先辈的高潮脸一般的神情，后来可以指任何张口闭眼的人和事物。因为众多动画作品&amp;amp;特摄作品（绝大多数是假面骑士系列）里面有角色吃瘪——比如被击败或者感觉痛苦
外国人少是有原因的,外国人少是有原因的是什么梗外国人少是有原因的，是由于国外的某些内容为极限运动/疯狂科学/作死行为等的视频而引发的吐槽及衍生的弹幕。&amp;nbsp;比如某些国外跑酷视频，在艰惊险的片段（比如一只手吊在几百米上空另一只手自拍），就会有人发这就是外国人少的原因或者终于知道为什么外国人那么少了。外国人少是有原因的，多用于吐槽歪果仁的一些匪夷所思喜闻乐见或极度危险的行为。&amp;nbsp;当看老外的跑酷视频看到惊险的地方时，可以说：终于知道为什么外国人那么少了。&amp;nbsp;当看老外先吞曼妥思然后灌可乐的作死视频时，可
这么可爱一定是男孩子,这么可爱一定是男孩子是什么梗这么可爱一定是男孩子，出自结城さくや的漫画《春日部高校女装部》，日语原文：「こんな可愛い子が女の子のはずがない」（直译为：这么可爱不可能是女孩子）。这么可爱一定是男孩子，原为正太控用来表达男孩子可爱程度的名言。用语的流行及泛用化​这么可爱一定是男孩子，该用语的流行开始于“虹裏”（ふたば☆ちゃんねるの二次元里·版面）上对于性别不明的萌系角色贴图所发的回帖评论。在《命运石之门》《旋风管家》《轻声密语》《春日部高校女装部》《H2O -FOOTPRINTS IN THE SAN
人干事,人干事是什么梗人干事，是“这是人干的事吗”的缩写，是一句用来吐槽不可接受之事物的成句。后来变成弹幕视频网站上的吐槽语言，人干事，通常用于表达对视频作者的不满或者视频的内容和自己所想出入很大。这是人干的事吗，据考证，最早出自S1论坛的某帖子的一句抱怨性质的吐槽“靠，这是人干的事吗”。原帖楼主抱怨《命运石之门》的特别篇结尾处看到最感动的时候最期待的接吻场景被黑屏和谐，其对苦等此场景出现的Fans们的残忍程度令人发指。人干事衍生得益于最近热播的《变态王子与不笑猫》里面，每集都怒刷存在感的不笑猫，于是产生
这是人干的事吗,这是人干的事吗是什么梗这是人干的事吗，又称人干事，是一句用来吐槽不可接受之事物的成句。后来变成弹幕视频网站上的吐槽语言，通常用于表达对视频作者的不满或者视频的内容和自己所想出入很大。这是人干的事吗，据考证，最早出自S1论坛的某帖子的一句抱怨性质的吐槽“靠，这是人干的事吗”。原帖楼主抱怨《命运石之门》的特别篇结尾处看到最感动的时候最期待的接吻场景被黑屏和谐，其对苦等此场景出现的Fans们的残忍程度令人发指。缩写为“人干事”。也有一说认为出自《Fate/Zero》中雨生龙之介的一句台词。《Fate/Z
如果奇迹有颜色那一定是橙色,如果奇迹有颜色那一定是橙色是什么梗如果奇迹有颜色，那一定是橙色，该梗是LLer在Snow halation中响应变色的弹幕。也有替换成其他颜色的变体。Lovelive二单Snow halation的歌曲中第二段（PV中段部分），当高坂穗乃果唱出“届けて— 切(せつ)なさには（传达出去吧—— 将这份悲伤的心情）”时背景会从雪的白色变为果果的代表色橙色。在LIVE现场，观众们会拿出UO（高亮度橙色）荧光棒，一秒从白色换成橙色来应援果果，再现动画中的情景。在2014年Animelo Summer Liv
字幕组调皮了,字幕组调皮了是什么梗字幕组调皮了，是常见的吐槽词，常用于字幕组在字幕内容中作出仅应出现在弹幕中的吐槽或类似性质的的翻译的场合。这样的翻译可能起到画龙点睛的效果，也有可能严重破坏观看体验。字幕组调皮了，多指官方或非官方的字幕组用字幕对内容进行吐槽或在字幕中加入网络用语或方言，例如在字幕中夹杂吐槽内容或干脆把字幕翻译弄得“无厘头接地气”。此时观众便会使用本句来表达对字幕的赞赏或辱骂。字幕组调皮了举例《凉宫春日的忧郁》（华盟字幕组）上方自带吐槽《某科学的超电磁炮》“正面上我啊”《可塑性记忆》“泥垢了”“
笑容由我来守护,笑容由我来守护是什么梗笑容由我来守护，是一个吐槽用语。xx笑容由我来守护，用来形容人物露出的笑容给使用者留下了深刻的印象，令人想守护。笑容由我来守护，出自《假面骑士空我》主角五代雄介的台词：大家的笑容由我来守护。笑容由我来守护用法可以在令人回味无穷的微笑或者颜艺笑时的场面使用此成句。 或者是某人再也笑不出来的时候可以使用。海皇最后的笑容由我守护令人想守护的笑容爱蜜莉雅的笑容由我来守护女神的笑容由我来守护卯月的笑容由我来守护香菜的笑容由我来守护金馆长的笑容由我来守护龙宫礼奈的笑容由我来守护日代千鹤的
国欠妹,国欠妹是什么梗国欠妹，完整句是“国家欠我一个妹妹”，出自弹幕网站中对缘之空、干物妹！小埋等带有萌萌的妹系作品的弹幕，也可缩写为国欠妹。国欠妹，作为吐槽计划生育政策的产物，但后来被引申出了更多意象，现在也可以是弟弟、小姨子、哥哥然而有哥哥就不会有你了，蠢货！国家政策是晚婚晚育少生优生！！！也就是说哥哥因为国家“晚育”的政策而没生出来！蠢货！等等。国欠妹国欠姐国欠弟国欠哥国欠妈/国欠爸国欠师国欠姨国欠巴国欠妹释义由于天朝娘实行的人口政策，大量八九十年代和本世纪初出生的人都是独生子女（国家：今后就不欠你
夫人我喜欢你啊,夫人我喜欢你啊是什么梗夫人我喜欢你啊，或者太太我喜欢你啊，是ACG次文化中用于表达对有魅力的萌人妻角色的爱的一句用语。夫人我喜欢你啊，原本是11区爱情动作片中，上门工作的维修工、送奶工、邮递员等的常见台词。即在人妻独自留守家中时，XX工突然从正面或从身后，抱住或推倒房间的人妻，并喊出“夫人我喜欢你啊！”或类似的台词。虽然出处略黑历史，但现在ACG次文化圈中，这一语句被以充满爱的方式使用，用于表达对惹人爱的魅力人妻角色的深深的爱意。在弹幕网站，夫人我喜欢你啊，也成为萌人妻类视频中，最常刷的弹幕之一。
新人都是怪物,新人都是怪物是什么梗新人都是怪物，出自弹幕用语。新人都是怪物，是指一些新人的处女作点击数十分高，看起来不像新人能够做的到的。当然，可能只是作品出现在合适的时间观看的人多，也有可能是作品本身的质量十分过硬。也有可能是大触的小号。新人都是怪物衍生用法在NGA等游戏论坛中该成句也可以指玩该游戏的萌新在很短时间内就升到了很高的等级其实就是肝，常人根本做不到。新人都是怪物相关例子威神策子第一个视频《LOL：这也能翻盘？史上最奇葩的翻盘，这竟然是钻石排位》（那万一赢了呢）点击数已超190万。一只桥仔第一个鬼畜
别光喝酒吃菜啊,别光喝酒吃菜啊是什么梗别光喝酒吃菜啊，约等于“醒醒，别像喝多了一样，胡言乱语做白日梦”。暗指对方的发言或行为举止像喝醉了酒一样，脱离实际，不着调，甚至还有点愚蠢。别光喝酒吃菜啊，该词表意类似酒桌上的一种状况：对方已经喝多了，进入了胡乱吹牛逼的状态，但旁边的人还很清醒，听到这种不着边际的吹逼，一时十分尴尬，但正常人又不能跟醉鬼一般见识，只能委婉劝道：别喝酒，吃点菜呗。一方面劝对方别再喝了，再喝更尴尬，另一方面想让他埋头吃菜，把嘴占上，别再说了。别光喝酒吃菜啊，常出现在微博等社交平台的的评论区中，还衍
​几个菜啊喝成这样,​几个菜啊喝成这样是什么梗几个菜喝成这样，常用来形容那些举止浮夸、怪异、大跌眼镜等另类的行为。几个菜喝成这样，暗指对方的发言或行为举止像喝醉了酒一样，脱离实际，不着调，甚至还有点愚蠢。几个菜喝成这样，常出现在微博等社交平台的的评论区中，还衍生出了几个菜啊，喝成这样的成句，表意基本类似，均指对方发言过于离谱荒谬。
但花不至,但花不至是什么梗但花不至，原句就是：但凡有一粒花生米也不至于喝成这样。但花不至，指某些人做事说话不切实际，就跟醉酒的人似的，和“几个菜啊喝成这样”意思是相同的，都包含吐槽、调侃对方不切实际，做白日梦的意思。但花不至，用于评论区，可代表劝谏某人清醒一点，不要做不切实际的白日梦，或者用来讽刺某人做梦、反常，就像喝多了一样。
七夕布谷鸟,七夕布谷鸟是什么梗七夕布谷鸟，这个梗来自网友的脑洞，根据布谷鸟的叫声谐音而来。七夕布谷鸟，是因为情人节，很多人都是处于单身状态，在七夕情人节这一天就非常的孤寡、孤单。然后布谷鸟的叫声是布谷布谷，非常像是在说不孤不孤，从侧面表示了七夕情人节，布谷鸟临门不在孤单的意思。七夕布谷鸟，和七夕青蛙孤寡的意思不同，青蛙是嘲笑单身狗的意思，而布谷鸟是对应的，暗含了大家美好的愿望，不想要孤单一个人的意思。七夕青蛙:孤寡孤寡孤寡孤寡孤寡，满脑子都是孤寡了七夕布谷鸟:不孤不孤不孤不孤不孤，满脑子又是不孤了
七夕青蛙,七夕青蛙是什么梗七夕青蛙，该梗来自网友的脑洞，根据青蛙的叫声谐音而来，青蛙叫声极其相似“孤寡”这一词语。七夕青蛙，是因为青蛙叫声极其相似“孤寡”这一词语，所以有网友就借七夕青蛙表情包来调戏好友，通过模拟青蛙叫声来嘲笑好朋友这一年的七夕依旧是单身汪一个。七夕青蛙，和七夕布谷鸟不孤的意思不同，青蛙孤寡是嘲笑单身狗的意思，而布谷鸟不孤是对应的，暗含了大家美好的愿望，不想要孤单一个人的意思。七夕青蛙:孤寡孤寡孤寡孤寡孤寡，满脑子都是孤寡了七夕布谷鸟:不孤不孤不孤不孤不孤，满脑子又是不孤了
手撕大白鲨,手撕大白鲨是什么梗手撕大白鲨，现在这个梗一般都是用来表示对自己的推测非常有自信，“这要是不死，我手撕大白鲨”。手撕大白鲨，该梗出自一个王者荣耀的视频。视频中作者喜欢用残血的方式去进攻对手，但却在最关键的时候，视频就结束了，这时就有人留言：“这要是不死，我手撕大白鲨”，用来调侃视频作者。
妈已经走十年了,妈已经走十年了是什么梗该词出自演技竞演综艺节目《演员的诞生》里面欧阳娜娜的一段表演里面的台词。一段极富悲伤色彩的台词随着她的一声平地一声吼彻底的天崩地裂了，浮夸的面部表情加上不扎实的台词功底，将原本悲伤的台词演绎的喜感十足。网友评价该段表演为“看到欧阳娜娜哭了我笑了”。该段台词也成为了如今网络上常见的鬼畜素材。上面提到了该梗出自演技竞演综艺节目《演员的诞生》，欧阳娜娜对战郑昊时演出的《我的父亲母亲》的片段里面的台词。妈已经走十年了发展经历该词走红以后网上出现了很多相关的恶搞视频，诸如微博博主@宇宙
小脑斧,小脑斧是什么梗作为网络流行语的该词是小老虎的相关的谐音的说法，是如今常见的用来卖萌的俏皮话。这并非来自于某一地区的方言，而是由幼童时期话都讲不利索的这些萌言萌语里面发展演变而来。关于该词的这种说法肯定是由来已久，但是作为网络梗开始流行是源于微博博主@外卖小哥金城武发的一篇博文，内容大致是有客户点了外卖备注是自己失恋了，问外卖小哥能不能给她画只小脑斧，结果外卖小哥真的在外卖口袋、餐巾纸上都画上了小老虎。使得该梗就此走红网络。具体的走红时间是在2017年的10月16日。小脑斧发展经历2017年11月2
当然是选择原谅她啊,当然是选择原谅她啊是什么梗这句话常用来调侃那些被戴了绿帽子的人，表面上看似在劝慰别人，实质上就是扮演了看热闹不嫌事大的吃瓜群众，有意无意地对当事人造成了二度伤害。最初常用在贴吧、论坛里评论那些吐槽女朋友老婆出轨的帖子，后来演变成一系列表情包文化，扩大了影响范围。绿帽子表情包的主要形象大多是一个熊猫人带着绿帽子之类，并有无数的变体，主要载体还是暴走漫画。由于此梗涉及现实中严肃的爱情、家庭、伦理等话题，在现实中发现别人被戴绿帽，请千万不要冷嘲热讽。当然是选择原谅她啊出处出处有争议，有说出自卜严骏的，也
我能怎么办我也很绝望啊,我能怎么办我也很绝望啊是什么梗该词顾名思义形容的人出于一种绝望境地的无可奈何、无能为力、无言以对的一种情绪，作为网络流行语，是目前一种比较常见的调侃吐槽自嘲的方式，深受广大网民朋友的欢迎，毕竟生活不止眼前的苟且还有来自远方的苟且嘛！关于该词的最早出处比较常见的说法是出自早期TVB的台词，和“做人呐最重要的就是开心”“不如我下面跟你吃啊”....等等常见台词一样，都是极富有TVB的语言风格特色，如今成为传播率教较广的网络流行语。该词最近再次出现在大家眼前原因是2016年万圣节爆火网络的“无脸男萌娃”
老哥稳,老哥稳是什么意思老哥稳，夸赞对方很牛很厉害，“老哥”是对对方的敬称。稳，有厉害之意。该词最早出现于戒赌吧和足彩吧，是彩民的专用术语，例如有人买彩票经常中奖，一堆“彩友”纷纷表示“还是老哥稳啊”。随后该词流传到各大贴吧，并在社交媒体上泛用费玉清经常演唱一些清丽的歌曲，如《一剪梅》、《梦驼铃》，粉丝们都以为他是一名文质彬彬的歌手。看以前他参加的节目才发现原来他那么污！喜欢上节目时讲荤段子，“如果你追到我，我就让你嘿嘿嘿。”“我早就已经人工摧毁了。”被“污瞎”的粉丝们给他起了个外号叫“费玉污”，可以的，
请开始你的表演,请开始你的表演是什么梗请开始你的表演，网络流行词，这个词在一些电视选秀节目经常出现，无论是唱歌的、跳舞的、或者是一些各色各样的达人秀中，经常听到评审们对参赛选手讲的一句台词。作为网络词的该词表达一种洗耳倾听的态度。该词常常出现在各大贴吧、论坛的评论区中，比较完整的说法是“说出你的故事，开始你的表演”。他们常常以一种与众不同的观点和自身经历来吸引别人的眼光，有的是事实有的则是单纯的为了装逼，当大家想要更加仔细深入的了解这个人的故事的时候就会说上一句“请开始你的表演”，就和文青们常常说的一句“我有酒，
你有freestyle吗,你有freestyle吗是什么梗该梗最近在微博和朋友圈出现的频率很高，但是很多人都觉得一头雾水，不知道freestyle是什么，那么它到底是什么意思呢？其实，这是华语流行歌手兼演员吴亦凡在最近担任的国内Hip-hop选秀节目评委《中国有嘻哈》时创造的一个梗。作为该节目的评委，吴亦凡在考核选手时多次提问“你有freestyle吗？”。按照吴亦凡所解释的freestyle，其实应该指的是freestyle rap，也就是即兴说唱。这是一种带有一定节奏的即兴创作，歌词没有特定的主题或结构。自20世纪90
颜表妻,颜表妻是什么梗颜表妻，是颜表立的衍生词，就是颜色代表自己的妻子的意思。相关爱好者往往使用与角色相对应的各种颜色字体打出颜表妻的弹幕来申明他们最喜爱撸得嗨的角色。颜表立，是颜色代表立场的缩写表示。人类很早就使用颜色来表示阵营和立场，最常见的如共产趣味等。&amp;nbsp;近代日韩应援文化之一的「应援色」，也是粉丝们用某一特定的颜色来代表艺人，应援色由粉丝或者官方决定，一旦决定后，之后相关活动会使用改款应援色代表艺人，粉丝也会使用改款应援色的荧光棒或其他相关应援物来表明自己对艺人的热爱。日本的动漫产业和偶像
颜表立,颜表立是什么梗颜表立，是颜色代表立场的缩写表示。人类很早就使用颜色来表示阵营和立场，最常见的如共产趣味等。&amp;nbsp;近代日韩应援文化之一的「应援色」，也是粉丝们用某一特定的颜色来代表艺人，应援色由粉丝或者官方决定，一旦决定后，之后相关活动会使用改款应援色代表艺人，粉丝也会使用改款应援色的荧光棒或其他相关应援物来表明自己对艺人的热爱。日本的动漫产业和偶像产业，有交叉重叠的地方，应援色这种文化开始在Vocaloid角色（初音未来、镜音双子、洛天依等）和偶像题材作品（《LoveLive!》等）中流行，
知世就是力量,知世就是力量是什么梗知世就是力量，是取于名言「知识就是力量」，与之其中的谐音与库洛魔法使的大道寺知世组合而成。知世，就是支撑我们所需的推手、力量。 其本义与原本角色大道寺知世有着深远关系，其中包括以下几点：&amp;nbsp;1.对于小樱的超越友谊之情造就的各种专业&amp;nbsp;2.大道寺财团所制造的各种梦幻的3C商品&amp;nbsp;3.本人对于摄影、裁缝的至高要求 以上几点所造就的文化，与本人无直接关系与影响，属于赞叹语。
中文十级,中文十级是什么梗中文十级，最初源于“外国人中文十级考试题”。网络上有许多类似的段子，其中有的真的来源于外国人汉语考试题目，而大多数只是娱乐笑话。网友常用“中文十级”来赞扬外国人的中文水平高，不过很多时候调侃意义更大一些。事实上，现行的新版中国汉语水平考试（HSK）最高只有六级（旧版HSK共十一级）。英语十级，日语十级同理然而日语最高等级是N1中文十级，在弹幕网站上，该句常被用于称赞空耳类的鬼畜视频，当视频里将外语台词调教成较为清晰的汉语时，“中文十级”是很高的评价。例如元首在许多鬼畜佳作中，中文就
船新版本,船新版本是什么梗船新版本，就是全新版本的意思。船新版本，来源于香港明星渣渣辉张家辉在为游戏《贪玩蓝月》做广告宣传时不标准的普通话发音。由于贪玩蓝月邀请了数位香港影星进行宣传，这些影星的港普发音都极有特色，再加上广告投放非常密集，他们的台词在网络上很快成梗。其中最著名的就是张家辉这段台词：“大扎好，我系渣渣辉，探挽懒月，介四里没有挽过的船新版本，挤需体验三番钟，里造会干我一样，爱象节款游戏。”（大家好，我是张家辉，贪玩蓝月，这是你没有玩过的全新版本，只需体验三分钟，你就会像我一样，爱上这款游戏）。其
屌注孤,屌注孤是什么意思屌注孤，是注孤生的衍生词。因为使用对象多为找不到女友的屌丝，所以演化出了“屌丝注定孤独一生”的用法，简称“屌注孤”。注孤生，是注定孤独一生的缩写。注孤生，通常带有调侃之义，形容一生也只能一个人生活。注定孤独一生，最早可能出现于《百年孤独》，后出现于一暴漫“Forever alone”中，以往专门作为暴漫的悲剧结局的表情。后来想象力丰富，观察力敏锐的网友们从这个大脸表情中看出了无尽的辛酸和无奈，似乎从中看到了找不到对象的自己，尤其是那个“Forever（永远）”更加扣人心弦，后来便迅
注孤生,注孤生是什么梗注孤生，是注定孤独一生的缩写。注孤生，通常带有调侃之义，形容一生也只能一个人生活。注定孤独一生，最早可能出现于《百年孤独》，后出现于一暴漫“Forever alone”中，以往专门作为暴漫的悲剧结局的表情。后来想象力丰富，观察力敏锐的网友们从这个大脸表情中看出了无尽的辛酸和无奈，似乎从中看到了找不到对象的自己，尤其是那个“Forever（永远）”更加扣人心弦，后来便迅速在网络上走红，成为了暴走漫画的标志性表情。同时，“Forever alone”的中文变体“注定孤独一生”也迅速在中国
震惊体,震惊体是什么梗震惊体，是对一类标题的概括。震惊体，出自一些自媒体的文章标题，这些自媒体经常拟定诸如“震惊！xxxxxx”这样的标题不管文章内容是啥，先来个“震惊”就对了，一般“震惊”一词后面的都是一个表述不太明确但又引人继续想读下去的句子，以便吸引用户点击阅读文章，并赚取点击率。真正使得震惊体流行起来的是诞生于2017年3月的一个被称为“UC震惊部”的组织。由于UC头条的很多新闻都喜欢以“震惊”开头，类似于此的标题党，被网友们统一称为“UC震惊部”。不仅仅是UC头条，腾讯新闻，百度新闻，今日头条等
谢谢茄子,谢谢茄子是什么梗谢谢茄子，该梗是日语中”谢谢“的误读。谢谢茄子，最早来自淫梦梗。日语中”谢谢“一词的原表达为”ありがとうございます“（空耳“阿里嘎多戈多一马苏”），淫梦系列中的演员拓也由于吐字不清，将该词读成了“ありがとうございナス”（空耳“阿里嘎多戈多一纳s”），而该词末尾被误读的“ナス”是日语中“茄子”的意思。因此淫梦民常以拓也的口胡发音玩梗，在国内淫梦民中便被写为“谢谢茄子”。之后因国内手游《碧蓝航线》在日本的流行，也有日本网友在与国内网友交流时使用该句。谢谢茄子，虽然该词原是淫梦梗，但目前
我点了,我点了是什么梗我点了，就是我投降了的意思。凯哥我点了，该梗出自斗鱼LOL主播洞主，凯哥是洞主的游戏搭档，点了就是点投降的意思。当洞主觉得胜利无望的时候，就会点击投降，而且是不和凯哥商量就点投降，点完之后才和凯哥说“凯哥我点了”。大腿没说话，混子却先点了投降，这一滑稽行为遭到了水友们的无情嘲笑，所以每当洞主的游戏陷入劣势的时候，弹幕大军就自觉刷起了“凯哥 我点了”，或者是“凯哥我点了 你呢”，后面还会接一句“凯哥：我发起的”。凯哥我点了是什么梗洞主作为斗鱼三混之一，能混绝不C，抱紧凯哥大腿就完事了。
你怎么这个亚子,你怎么这个亚子是什么意思你怎么这个亚子，其实就是你怎么这个样子。亚子=样子你怎么这个亚子是什么梗你怎么这个亚子，该梗主要是出自巴啦啦小魔仙电视剧中的一句台词，​其中有个角色叫游乐王子，因为发音不标准，所以网友就借此来调侃。被大家戏称为摸仙堡方言，因为过于搞笑迅速的在网络上走红，其中还出现了非常多其他的有意思的梗。例如：要你寡？雨女无瓜！等等。
小孩子才做选择题,小孩子才做选择题是什么梗小孩子才做选择题，该梗完整的说法为“小孩子才做选择题，成年人当然是全都要”。这个梗常用来回答一些令人难以抉择的选择题。是网络上常见的具有互动性选择性话题的常见回复用语，比如说喜欢短头发还是长头发的女生……一类的话题，大家就会常用到“我全都要”梗。小孩子才做选择题，是原本网络梗“我全都要”的一种衍生的说法，“我全都要”梗出自周星驰的电影《九品芝麻官》中天下第一神捕城管豹头雷豹的经典台词，用来凸显其贪婪的性格。后来网友们发现网络上经常出现互动性的“选了也白选”系列的选择题，于是
难道只有我一个人觉得,难道只有我一个人觉得是什么梗难道只有我一个人觉得，这句话简直覆盖了生活的方方面面，难道只有我一个人觉得她很丑么、难道只有我一个人觉得这是个烂片么、难道只有我一个人觉得这菜很难吃么……用以此种句式来现实出自己的特立独行、牛逼哄哄。难道只有我一个人觉得怎么回怼在各大社交。论坛中也不乏该句式的身影，凭借其傲慢无知的这种态度的引发了多数人的反感抵触情绪，并且回击道那些总说“难道只有我一个人觉得”的人，只想说一句：“对，没错就你一个人！你是天地万物之灵秀，你是历史缺失的拼图，你是文明遗漏的珍宝，你是限量款，
天凉王破,天凉王破是什么梗天凉王破，是一篇小说里面的台词，霸道男总裁说了一句天凉了让王氏破产吧！指的是装X的一种境界。天凉王破，来自于《我的烈火保镖》——经过网友@kevin发的长微博引起热议走红网络。是总裁男主说：天凉了让王氏破产吧！简称天凉王破。“迎面而来的冷风让江皓不由自主的缩了缩脖子，“入秋了，天有些凉了呢！不如明天让王氏集团破产吧！”江皓喃喃自语着走向路边停放的跑车……”本文发布于2005年，从这个梗火了以后，这本小说也火了。最早的评论看不见了，只能从2015年开始看到，不断有书友对此书进行围观，
抽象圣经,抽象圣经是什么梗抽象圣经，该梗是抽象文化传承人孙笑川在某次直播中怒喷粉丝，在几分钟的时间里尽显嘴臭王者的风范，脏话连篇又妙语连珠，可谓是全程高能，又极具后现代主义喜剧风范，深得广大嗨粉的欢心，因此这几分钟的showtime就成为了抽象工作室的代表之作，被嗨粉们誉为《抽象圣经》！抽象圣经中处处是梗，而一句“”便是其中流传度最广的。当时孙笑川喷完粉丝，打起了LOL，使用的是盲僧，对面的打野是武器大师，中路两人一波摩擦，孙狗得理不饶人，大吼一声“你把你闪现给我交了”，事情就是这样的!抽象圣经的内容真的牛
nmsl,nmsl是什么意思nmsl，网络用语，你妈死了”的拼音缩写。是骂人的话。类似的简写还有jjyy。(叽叽歪歪的意思，多用来指责不了解情况的键盘侠)。也有用emoji的马来代替的用法——你马死了。同时也有反串用法，把NMSL解释为Never Mind the Scandal and Libel（永远不要理会谣言与中伤），用来带小学生们的节奏。和emoji抽象话一样，已大量扩散，互联网到处都在用。
儒雅随和,儒雅随和是什么梗儒雅随和，该梗出自直播界的showtime——抽象圣经。视频中孙笑川因为受不了弹幕上的谩骂，开启了喷人模式，将嘴臭之王的风范展现得淋漓尽致。期间说了这样一段话：“本来其实我这个人是个非常儒雅随和的一个人，我不喜欢骂脏话，但是你们是经常在嘴臭对不对。”看到了吗，孙笑川自称儒雅随和，就好比马蓉说自己是贞洁烈妇一样，滑天下之大稽。任何一个主播说自己儒雅随和都合情合理，可嘴臭之王&amp;amp;地下说唱皇帝&amp;amp;NMSL主理人说自己儒雅随和，真的是有丶搞笑哦。儒雅随和怎么成为了一个梗最初孙笑
恭喜这个b站用户,恭喜这个b站用户是什么梗恭喜这个b站用户，完整句是：“恭喜这个B.....站用户”，该梗是祝贺和调侃其他在抽奖活动里中奖的B站用户，表达一种羡慕、嫉妒、调侃和祝贺并举的感情色彩。偶尔也用来嘲笑那些发生的小概率意外糗事的人。&amp;nbsp;恭喜这个b站用户，演化自直播间中恭喜他人中奖时常用的弹幕用语恭喜这个B。B站用户玩梗时在后面加上省略号和剩余内容，产生了非常有趣的转折，将粗口强行扭转成祝贺，很有一种”发现情势不对，赶紧改口“的求生欲，类似于”二营长把意大利……面给我端出来“的搞笑效果。 目前常用于B
芦苇tv,芦苇tv是什么梗芦苇tv，即卢本伟tv，表达了网友们对斗鱼tv包庇卢本伟开挂行为的讽刺。常用句：芦苇TV，为所欲为；芦苇tv牛逼；芦苇tv，只手遮天。芦苇tv的出处斗鱼是目前最大的游戏直播平台，旗下LOL主播五五开(真名卢本伟)素有斗鱼一哥的称号，拥有最为庞大的粉丝基础。由于卢本伟此人一贯嚣张跋扈，又爱寻隙滋事，粉丝们也个个都不是好惹的主，早已令其它主播的观众们心生不满，于是便有了斗鱼tv是卢本伟一个人的tv这样的说法，转换成四字就是芦苇tv。芦苇tv的传播近期的卢本伟开挂事件，闹得整个游戏圈都鸡
有丶东西,有丶东西是什么梗有丶东西，该梗是少主在看到别人打出亮眼操作时，就会夸赞道“你这个比有点东西的”，观众们发现这话又骚又实用，于是便四处传播开来，至于为什么有点东西会演变成有丶东西，只能说是弹幕鬼才的功劳了。丶的存在极大地提高了这个梗的趣味性和独特性，想不火都难!有丶东西出处毫无疑问是来自于山泥若，滕杨少主是出了名的骚话连篇，在个人造梗方面，直播圈无人出其右，可能只有6324整个集团加起来才能与之抗衡。有丶东西的用法有丶东西的用法非常广泛，可贬可褒，即可以表示欣赏和赞美，也可以表示讽刺和挖苦，简直太适
不灭之握,不灭之握是什么梗不灭之握，该梗是英雄联盟解说任栋常常在采访选手的过程中，以一些比较神奇的方式成功秀到被采访的选手，秀的多了，也就被玩家献上称号“不灭之握”。下面让我们来回顾哪些精彩搞笑的不灭之握时刻。2016年季中冠军赛，在一场比赛结束之后任栋对Faker进行了采访。此时旁边路过两位其他战队的选手，任栋做出了一个请走这边的手势，结果Faekr以为是要握手，结果就伸出了左手。然而栋哥立马就收掉了手，Faker被秀的头皮发麻：“我是谁，我在哪，我为什么要伸手”?就是在此之后，任栋成为了唯一能秀的男人，
带带大师兄,带带大师兄是什么梗带带大师兄，是前斗鱼主播孙笑川的微博名。该主播之前在斗鱼6324房间直播，(6324也称梗发源地，大家日常见到的许多梗都出自6324房间)，这个房间有好几个主播，其中李老八(暂且不提)为创始人。孙笑川(带带大师兄)是其中一个主播，主播风格接地气，喜欢与骂人弹幕*幕死磕，于是经常出现与弹幕对喷的直播现场，尤其孙笑川本人语句犀利、无所不用，这就导致一部分喜欢带节奏的水友经常被骂的接不上来(误)，最终导致孙笑川以嘴臭闻名斗鱼和微博。而为了报复孙笑川的嘴臭，喜欢带节奏的水友和被骂过的水友
C位出道,C位出道是什么梗c位出道，网络语，“c”是英文单词center的缩写形式，意思为中央、正中心的。“c位”则为中间位置、重要的位置的意思，该词尤其是在明星艺人当中尤为明显，在娱乐圈里，C位是大咖位，是对艺人实力的最好证明。“出道”一词最早源自法语“debut”，本意为初次登场，是对于歌手专用词汇。“c位出道”的意思则为形容某个歌手艺人在团体中的实力很强，作为团队灵魂中心人物被大家了解关注。c位出道出处在哪该词最早出自一档偶像男团竞演养成真人秀节目《偶像练习生》，100位练习生，在四个月中进行封闭式训
C位出殡,C位出殡是什么梗C位出殡，不是凭空而来的，而是由C位出道演化而来。C位出殡，是嗨粉们喜欢把热点事件给孙笑川，这张P图就是这样，把蔡徐坤P成了孙笑川，并配上文字“恭喜孙笑川C位出道”。由于孙笑川有灵堂K歌的前科，所以顺理成章地有了C位出殡的说法。C位出殡是报复性弹幕C位出殡最先只是抽象圈自娱自乐的产物，如果走向更多人的视野的呢?这还跟蔡徐坤有关，严格来说是跟蔡徐坤的粉丝们有关。人只要突然一火啊，总会有海量脑残粉给当狗，走到哪宣传到哪，“守护全世界最好的蔡徐坤”，这样的刷屏竟然刷到了各大官方直播间。要
雨女无瓜,雨女无瓜是什么梗雨女无瓜，就是与你无关的意思。雨女无瓜，并不是没有瓜吃的意思，其实是个谐音梗，就是“与你无关”的意思。用雨女无瓜的说法，看起来很高冷神秘能让人摸不着头脑。其实就是一个普通话不标准，带有方言腔的“与你无关”。不过加上雨女无瓜表情包，让人觉得很逗趣，通常用来回怼调侃别人。电视剧《巴啦啦小魔仙》里面男主角的台词，现在被用来调侃。雨女无瓜来源于电视剧巴啦啦小魔仙，这部剧中有一位角色叫游乐王子，相信看过的小伙伴都对这个人物有印象，一直戴着个花纹面具，是一位非常高冷的王子。这位角色的演员可能是
要你寡,要你寡是什么意思要你寡，就是要你管的意思。雨女无瓜，要你寡，这句话连起来就是说，这件事与你无关，不用你管的意思。这句话是在网友的助推下火了起来。雨女无瓜，要你寡，还有你怎么这个亚子，这几个次都是来自童年经典儿童剧《巴啦啦小魔仙》，游乐王子是其中一个角色。有了王子说话有点腔调，现在都被网友弄成了谐音了。都玩起梗来了。其实之前也有很多人用雨女无瓜造词，问：萧敬腾，白敬亭，王嘉尔，谁的女儿没有八卦?答：萧敬腾。因为，雨女无瓜。要你寡是什么梗雨女无瓜，要你寡梗来源是，《巴啦啦小魔仙》电视剧，剧中游乐王子说
来了老弟,来了老弟是什么梗“来了老弟”这句话来自于一位东北卖烧烤的大姐说出来的，大家都给她叫腰子姐，目前，在抖音上非常火。因为大姐的语气和嗓音让大家觉得非常的魔性和洗脑，所以就变成了一种网络流行梗的表达。有一位抖音ID叫诤友的网友，他本来正在减肥，但是每次健完身都忍不住想吃烧烤，身体总是不由自主的走向腰子姐的烧烤店。因为经常去的原因，所以腰子姐每次都会说“来了，老弟”。这位网友曾经拍摄过一个短视频，打开马桶，是腰子姐正在说：“来了，老弟”，打开门也是腰子姐，翻开镜子也是腰子姐，掀开被窝也是腰子姐。就这样，许
像极了爱情,像极了爱情是什么梗“像极了爱情”是出自网易云音乐的热评，并不是某一首歌里的歌词。原句是”暖昧上头的那几秒，像极了爱情”之后这个梗被用于抖音和快手的各种地方。其实像极了爱情并没有特殊的含义，算是抽象文化的一种，爱情是复杂的，变化多端的，世界上任何的人都不能正确详细的诠释爱情。爱情到底是什么东西，所以这么缥缈的一个词就可以用做有趣的、看不懂的、无聊的、惊艳的事情上，这些都是可以用像极了爱情来形容。因为网友各种调侃和恶搞，就变成了现在，无论看到什么都可以评论一句，像极了爱情。不仅仅可以用在爱情上面，包括
你安利的样子像极了骗子,你安利的样子像极了骗子是什么梗你安利的样子像极了骗子，简单来说，这是一个安利+像极了爱情的结合体，影视剧里那些拼命安利的情节，仿佛现实中努力向别人卖安利的自己，就是推广产品，电视剧里一眼就可以看到你安利的样子像极了骗子，可是生活中被安利在自己身边的时候浑然不知。安利是什么意思意思类似推销、推荐。比如一个人觉得什么东西好就会安利给别人（推荐给别人）或者说卖个安利（推荐个东西）吃安利的意思就是吃药，说白了是洗脑！
紫腚能行,紫腚能行是什么梗紫腚能行，该梗的来源其实是一个网友分享，听我一个东北同学说，他们高考那天都会穿紫色的内裤去考场，因为这样考试紫腚能行。然后紫腚能行上了热搜，东北话说紫腚能行，是指定能行的谐音，说的就是祝福高考完美过关的意思，也是讨个好彩头。然后各路网友分享自己当地的特色，有的地方，很多人穿旗袍，旗开得胜的意思。也有网友说，考试当天穿耐克!全身从头勾到尾!还有人说，Nike的名字就是用了希腊神话中胜利女神的名字，穿耐克无论是出于对勾还是典故，都没毛病。还有说，高考第一天穿红色(开门红)，第二天穿绿色
咖喱人,咖喱人是什么梗咖喱人，不是印度人，也不是马来西亚人，更不是喜欢吃咖喱的人。咖喱是用来吃的，咖喱人却是用来骂人的。例如：咖喱人不要了？咖喱人是家里人的谐音，这是猪猪山泥若的梗，现如今被孙笑川的狗粉丝们广泛使用，你可能会在电竞圈的相关贴吧和带带大师兄的相关微博中看到。它一般有两种表现形式，咖喱人不要了和咖喱人怎么样不用我多说了吧。咖喱人的出处关于咖喱人这个梗的归属，有不少人认为是抽象的梗，因为狗粉丝们几乎人均一手咖喱人。但实际上，这个梗更应该属于疼痒话。最早，山泥若发明了经典疼痒话——“家里人不要了?
要吃饭的嘛,要吃饭的嘛是什么梗要吃饭的嘛，是一句话，也是一个梗，此语出自孙笑川。另外需要强调的是，“要吃饭的吗”的说法是不对的，孙笑川说的，是嘛不是吗。要吃饭的嘛是什么梗?这与孙笑川功德箱被踢翻事件有关。话说孙笑川被赶出斗鱼后，转战虎牙，可是好景不长，再次被狗粉丝的一手全平台开车，被平台清理出去。而其它的直播平台，虽然垂涎孙哥的人气，但同时又忌惮狗粉丝的开车力度，这样就导致孙笑川在国内直播界毫无立足之地。无奈之下，孙笑川只好流落twich直播，这是海外最大的游戏直播平台，被网友们戏称为“老鼠台”。直播虽然续上
你怎么回事老弟,你怎么回事老弟是什么梗你怎么回事老弟，是网络上相当流行的一类表情包的文字内容，该类表情包大多以萌宠为主体，图中萌宠们大多作探头状，给人看起来是一副疑惑不解的状态，在图片中PS上文字“你怎么回事老弟?”，这样的反差“社会萌”显得极为搞笑，让人忍俊不禁，难怪能火起来。可是你知道“你怎么回事老弟”的出处吗，原版表情包又是哪一个?图中的人物，常玩快手都知道，是国际庄磊哥，号称石家庄第一大哥。此人算得上一朵奇葩，他的视频卖点就是各种炫富与无限装比，坐拥50万粉丝但是黑粉居多，经典台词——不够排面没有画面。国
你说你马呢,你说你马呢是什么梗你说你马呢，说起来你可能不信，一句看似骂娘的话，其实只是他们的问候语，意思就跟现实生活中“你好”一样。（网站内无法打出表情符合，所以用马（表情）来代替）你说你马呢的出处世上本无路，走的人多了，便有了路;正如世上本无梗，说的人多了，便有了梗。要追寻你说你马呢的出处，可能不是那么简单，网络上众说纷纭，有人以为是抽象的，有人说是疼痒保安的，又有人认为是德云色友偷内涵段子的。从小编搜集的信息综合来看，来源于内涵段子是比较可信的，正如来源于快手，两者都是通过弹幕带哥们的一次次刷屏，被越来越
那你去物管啊,那你去物管啊是什么梗那你去物管啊，出自全网最大恶人丶孙笑川的一段直播视频，视频中孙笑川由于说话音量过大，遭来了楼上邻居的隔空骂娘，对此孙笑川回应了一句“那你去物管啊”，意思是嫌我声音大你去物管投诉啊(你骂你马呢)。由此可见孙笑川属实带恶人，新津暴徒的T恤可以说是非常真实了。另外提醒一点，不少人说成“那你去找物管啊”，这样是错误的，不可取，有失公正。理解这个梗，先要看完孙笑川与邻居互动的视频，了解整个事件的发生经过和对话内容。可能在外人看来，孙笑川说的“你猴辣么大声干什么马”“那你去物管啊”这些话只
要我一直笑吗,要我一直笑吗是什么梗要我一直笑吗，这个梗出自鼎鼎大名的“抽象圣经”，因此作者自然是无恶不作的孙笑川。在这次直播中，孙笑川因为受不了观众们对于其总是司马脸的批判，气急败坏地进行了语言反击，其中有三段辩解有理有据，令人信服。①那个人累了，不作表情是司马脸吗?一本正经是司马脸吗?开会那么严肃的时候，我要笑吗?②是不是要夹根筷子在嘴里，老子也学那个空姐空少一样的那种24小时的微笑吗?③那要做什么表情给你吗?你要我哭才不是司马脸吗?对不起，做不到，你要我一直笑吗，对不起，我也做不到。抽象圣经中的许多句子都成
摇了我吧,摇了我吧是什么梗摇了我吧，该梗最初是一位东北大妈在偷菜后被菜地主人抓住，用哭腔乞求道：“小伙子，你就绕了我吧!”。由于大妈有着浓浓的东北口音，所以听起来像“小伙汁，你就摇了我吧”，略显喜感。这类东北人偷菜的视频被广为传播，引发众多网友的热议，因此也衍生出来几个梗，例如“小伙汁，你就摇了我吧”“这XX没人要呢”。从【你就摇了我吧】到【求求你摇了我8】“你就摇了我吧”最初是用来黑东北人的，后来用着用着，顺手就变成了“求求你摇了我8”，这其中少不了“修车tv吧”的带哥们推波助澜。现在在百度搜索“你就摇了
安排上了,安排上了是什么梗安排，本意是安置处理的意思，当它作为一个梗使用时，表达的意思是“出手处理”，因此可适用的范围很广，另外安排这个词很社会，语气是霸气中带着些许俏皮，所以深得网友的喜爱。安排一般有以下几种句式：①安排，单独用时，可以代表要出手了，也可以只当个语气助词;②安排下/安排一下，让别人出手做事的意思，例如“群号安排一下”，即群号请说一下;③安排上了，表示已经出手做了某事，例如“热搜安排上了”，即被已经群众们推上了热搜;④，表示被搞的很彻底，例如“被生活安排得明明白白”，即表示生活压力很大;安排
人人都说抽象话 再无人识李老八,人人都说抽象话&amp;nbsp;无人识得李老八是什么梗人人都说抽象话 无人识得李老八，其中抽象话从最初的在6324圈内自嗨，逐渐渗透到英雄联盟圈，最后蔓延到全网的各个角落，这是谁也始料未及的。像现在网络上的一些流行语，例如NMSL、、一下、、，都算是从抽象文化走出来的梗，也就是抽象话。抽象话火了，而作为抽象工作室的创始人李老八，却没不似抽象话的发展一般节节高升，反而因为长期的被封杀而渐渐被人忘记。这不正是“人人都说抽象话 无人识得李老八”吗?而诸如“世人皆说抽象话，无人再识李老八”“满嘴抽象话，不识李老
6324,6324是什么梗6324，是孙笑川原先所在工作室抽象tv的直播间房号，是抽象话里最常用的数字。抽象工作室是发迹于斗鱼TV的一个直播团队，又称抽象TV，由于直播间ID是6324所以又称6324。6324为什么被永封2017年6月18日下午，抽象工作室创始人李赣（李老八）在直播时接到了某(F)邪(L)教(G)组织的宣传电话，并且不知哪根筋搭错了在接听电话后将手机改成了免提模式，该电话内容随即向全直播室观众播放。虽然李赣事后疯狂认错试图补救但该直播间还是迅速被斗鱼平台查封。&amp;nbsp;6324被斗鱼安排
司马脸,司马脸是什么梗司马脸，是“死妈脸”的谐音，意思就是形容一个人的表情像死了亲妈一样难看，当然这是一种夸张的形容，面色沉重和面无表情，甚至一本正经，都可以说是司马脸。司马脸这个梗是由6324的嗨粉原创，用来形容直播员孙笑川的面无表情。虽然谐音成司马，但是读法不变，即si(第三声)ma(第一声)脸。司马脸的来历2017年8月，彼时还是抽象工作室一名直播员的孙笑川，月工资突然被降到3500，于是遭此变故的孙笑川开始消极直播，不仅播一休七，直播时还是面无表情。这样的工作态度，自然引起了十万嗨粉的不满，于是他
我佛了,我佛了是什么梗我佛了，意思就是我服了，把服读作佛，是一种玩梗方式。下面重点来说说我佛了这个梗的出处背景和走红原因。我佛了的出处出自6324抽象工作室我佛了不是什么新梗，嗨粉们早在2016年就“佛了”。把服读作佛的风潮，罪魁祸首是6324的掌门人李赣。李赣在直播LOL时喷队友，会说“我佛了你了，XXXX真是个XX”，四川方言中，服这个字的读音比较接近佛。受李赣的影响，嗨粉们也“佛了”，在2016年的抽象tv贴吧，嗨粉们一口一个佛了地说着抽象话。我佛了走红的要素释空明法师与B站恶搞孙笑川视频6324倒
嗨粉,嗨粉是什么梗嗨粉，意思就是指那些给爱豆、网红门打赏、支撑他们租公寓、穿潮牌的粉丝。粉丝有两种，一种给网红打赏、支撑他们租公寓、穿潮牌的叫“嗨粉”，一种除了骂他们就是抹黑他们的叫“狗粉丝”。狗粉丝，成为网络亚文化中最新的一个现象，他们成为网络世界中的一个另类主导。
狗粉,狗粉是什么梗狗粉，也叫狗粉丝，意思就是指那些骂爱豆或者抹黑爱豆的粉丝。　粉丝有两种，一种给网红打赏、支撑他们租公寓、穿潮牌的叫“嗨粉”，一种除了骂他们就是抹黑他们的叫“狗粉丝”。“狗粉丝”成为网络亚文化中最新的一个现象，他们成为网络世界中的一个另类主导。“狗粉丝”所使用的语言，除了带有川渝方言与东北话的地域风格，在对字母与标点符号的使用上，继承了“火星文”的密码，这有效隔绝了网络主流文化的冲击与干扰，为“狗粉丝”制造网络暴力提供了保护。回顾亚文化的发展与变化，会发现它绝不满足于一种形态，整个亚文化
狗粉丝,狗粉丝是什么梗狗粉丝，意思就是指那些骂爱豆或者抹黑爱豆的粉丝。　粉丝有两种，一种给网红打赏、支撑他们租公寓、穿潮牌的叫“嗨粉”，一种除了骂他们就是抹黑他们的叫“狗粉丝”。“狗粉丝”成为网络亚文化中最新的一个现象，他们成为网络世界中的一个另类主导。“狗粉丝”所使用的语言，除了带有川渝方言与东北话的地域风格，在对字母与标点符号的使用上，继承了“火星文”的密码，这有效隔绝了网络主流文化的冲击与干扰，为“狗粉丝”制造网络暴力提供了保护。回顾亚文化的发展与变化，会发现它绝不满足于一种形态，整个亚文化体系，一
家乡的樱花开了,家乡的樱花开了是什么梗家乡的樱花开了，其实这是一种最近比较流行的玩梗方式，用来调侃对方的家乡在日本。在弹幕里或者评论里，常见的譬如“川桑 家乡的sakura开了”“包桑 &amp;nbsp;不回去看看吗”。樱花是日本的国花，家乡樱花盛开，那家乡自然是日本，可以推理出此人属实日本人。在现实生活中，日本人是骂架用的粗鄙之语，但在神奇的LOL电竞圈，日本人通常是用来玩梗的，即通过玩梗来调侃主播是日本人。如何来调侃主播是日本人通常有两种方式，一种是给主播起日本名来明示，例如山本国玉(电棍)、疼痒次郎(山泥若)、龟
黑人问号,黑人问号是什么梗黑人问号，原本指代的是一组疑惑、懵逼的黑人问号表情包，这个词语也常被单独的拿来用来表示疑惑懵逼的一种情绪状态，常见的表达方式为“黑人问号.JPG”或者是“黑人问号脸”。黑人问号是谁该表情包的原型最早出自NBA巨星尼克扬，而传播率最广的这张表情包最早出自2015年Youtube上的视频《透过镜头第4集：尼克杨的日常生活》，由于实在是表现力太到位了，瞬间火了起来，在国外这个表情被叫做“Confused&amp;nbsp;Nick&amp;nbsp;Young(懵逼的尼克杨)”，最终传入中国，甚至尼克扬
还有这种操作,还有这种操作是什么梗还有这种操作，网络流行语，意思是“居然还有这种套路”。原意是是吐槽或者是赞扬一些让人大跌眼镜的游戏操作方式。用在网络聊天和回帖时使用，多为表情包的形式，表示震惊或疑问。该词原本的意思是吐槽或者是赞扬一些让人大跌眼镜的游戏操作方式，最初在游戏圈中流行，慢慢地被大家所熟知成为广泛使用的网络流行语。其含义为：居然还有这样的套路。常用来形容当遇到某种让人无法理解一脸懵逼的事情时发出一种类似黑人问号的疑惑或者是震惊的状态。该词走红网络是因为“还有这种操作”表情包的走红，抱臂围观的吃瓜群众
意不意外惊不惊喜,意不意外惊不惊喜是什么梗意不意外？惊不惊喜？常被用来调侃一些比较具有戏剧化反转的事。没想到吧？就问你意不意外？惊不惊喜？如此挑衅，看来我只能……用“小拳拳捶你胸口了”！意不意外惊不惊喜出处这句话最早出自周星驰的电影《家有喜事1992》里，张曼玉饰演的何里玉和周星驰饰演的常欢二人间的一段经典对白。​2017年，段子手们注意到了这句对白后，加以改良，创作出了各种表情包，就问你：“意不意外？惊不惊喜？”、“刺不刺激？”。
你的良心不会痛吗,你的良心不会痛吗是什么梗你的良心不会痛吗是一句网络流行词，表达说话者想死的心情。2017上半年，有知乎网友拿出证据表明：杜甫一生为李白写了很多诗，但，李白不仅不领情还写了一首《赠汪伦》。于是很多网友开骂李白“不讲情谊”——“李白，你的良心不会痛吗？！”。2017年初，来自日本的“鹦鹉兄弟”表情包一跃成了新晋网红，虽说是鹦鹉但他俩的外形却酷似鸡，和2017年是中国鸡年相吻合，被制成各种表情包。“你的良心不会痛吗？！”也和鹦鹉兄弟结合，成了表情包，受到很多人欢迎。
皮皮虾我们走,皮皮虾我们走是什么梗皮皮虾我们走，是2017年的网络流行语。“XXX，我们走”最初是游戏王YGOcore里的玩家梗，起源是“源龙星，我们走”。2017年1月，经过网友们改成“皮皮虾，我们走”，并衍生出不少“皮皮虾，我们回来&quot;皮皮虾，我们倒走&quot;等表情包而走红网络。皮皮虾大概是2017年第一个开年神兽了，论气势，和前两年的羊驼有一拼！但如果说羊驼火了，是因为呆萌；皮皮虾火了，却是因为……厉害了！皮皮虾我们走出处2017上半年，一段关于皮皮虾的视频刷新了人们对皮皮虾的认知。你以为的皮皮虾是这样？↓但
扎心了老铁,扎心了老铁是什么梗这句流行语的最原始形态是“老铁，扎心了”，是一句东北话。“老铁”是北方方言“铁哥们”的意思，“扎心”是指内心受到了极大的摧残和刺激。扎心了老铁出处提到“老铁，扎心了”的出处，就不得不提斗鱼抽象TV，这个直播间的观众基本在十几岁到二三十岁这个年龄阶层，他们性格张扬，常发弹幕。有一天，直播间中忽然混进了一帮东北小朋友，很多人发“老铁，扎心了”这句弹幕，于是迅速在互联网走红。扎心了老铁，是2017上半年最夯网络新词，是向朋友诉苦或抱怨自己内心受到极大的创伤和刺激。据说这流行语是从某直播
小拳拳捶你胸口,小拳拳捶你胸口是什么梗小拳拳捶你胸口，网络流行语，是指用手捶胸口。2017年上半年最火流行语。这应该是2017上半年最萌的流行语！超萌的语气，配上可爱的文字表情，撒娇时借用一下，感觉不要太好。小拳拳捶你胸口出处2017年上半年，一位女性网友在微博晒出自己和老公撒娇被怼的截图，其中撒娇的内容有一句就是“哼，人家拿小拳拳捶你胸口！！！”​这位网友将聊天记录发上微博，显然只为吐槽自己的“假”老公，但一句“小拳拳捶胸口”却不经意爆红。
真香定律,真香定律是什么梗真香定律，这个词现在主要用来调侃某人喊口号抵制某事物后又自打脸表示对其喜爱的行为。这个梗主要来自于参加湖南卫视《变形记》里的一位主人翁王境泽，当初王境泽去变形计时的梗，到了农村后说我就算从这跳下去，摔死在这里也不会吃你们一口饭一口水。然后晚上就饿的吃起了饭，还说了句，真香。所以后来就有了真香这个梗。有网友也是调侃不断：铁骨挣挣王境泽，始终也脱离不了真香定律自然与社会科学下，最有骨气的人为了活下去，也逃脱不了真香定律。“世间万物都离不开真(境)香(泽)定律”的感觉真香出处在节目中，主
宁王圣经,宁王圣经是什么梗宁王圣经，是宁王说过的一些精辟句子。LOL圣经是指LOL职业选手在赛场下的休息室中说的话。IG在赢得S8冠军之后，有电竞媒体为IG制作了一则纪录片《登·峰》，记录了IG在2018年的春季赛、夏季赛和世界赛上一些不为人知的故事。纪录片中，IG打野Ning心直口快妙语连珠，许多话都让人印象深刻，这些话语被LOL观众们称为“宁王圣经”，又叫LOL圣经宁王新约。宁王圣经当中最出彩的一段，当属春季赛季军战中宁王的一番怒斥。当时志在冠军的IG在半决赛输给了RNG，IG全队深受打击，因此在与RW
股间强打,股间强打是什么梗股间强打，该梗是经过二次配音的快手搞笑视频的简称，该恶搞视频还常被称作“16秒速成新宝岛”或“16秒速成股间强打法”。股间强打，也常被玩梗恶搞者称为快速学习《新宝岛》舞蹈的方式。在这段16秒的视频中，一少年将爆竹点燃扣在八宝粥空罐中，不料爆竹爆炸后空罐被掀起，击中他的裆下。他双腿交叉着走了数步，最后捂住裆部坐在了地上。因为疼痛，少年的身体非常扭曲，步伐却神奇地很魔性且有节奏感，因动作与《新宝岛》中的著名菱形舞步非常相似，被网友配上了新宝岛的音乐和标志性LOGO二次上传，效果异常喜感
雨你无瓜,雨女无瓜是什么梗雨女无瓜，就是与你无关的意思。雨女无瓜，并不是没有瓜吃的意思，其实是个谐音梗，就是“与你无关”的意思。用雨女无瓜的说法，看起来很高冷神秘能让人摸不着头脑。其实就是一个普通话不标准，带有方言腔的“与你无关”。不过加上雨女无瓜表情包，让人觉得很逗趣，通常用来回怼调侃别人。电视剧《巴啦啦小魔仙》里面男主角的台词，现在被用来调侃。雨女无瓜来源于电视剧巴啦啦小魔仙，这部剧中有一位角色叫游乐王子，相信看过的小伙伴都对这个人物有印象，一直戴着个花纹面具，是一位非常高冷的王子。这位角色的演员可能是
真香,真香是什么梗真香，网络语，该梗常用作吐槽啪啪打脸的尴尬瞬间，铁骨铮铮王境泽一言不合就真香。在《变形记》节目中，主人公王境泽嫌弃农村条件不好，想要回城市。农村家庭的爷爷就一直劝他，生气的王境泽随即说道“我王境泽就是饿死，死外边，从这里跳下去，也不会吃你们一点东西”。但几小时后饿了的王境泽只能在农村家庭吃饭，边吃还边说了句“真香”。配合前面他自己说出的狠话，喜感度顿时爆棚。真香出处在哪该词最早源自于《变形计》，第八季之《远山的抉择》城市主人公王境泽初到农村家庭时撂下的狠话，后面又啪啪打脸的搞笑情节。节
真香警告,真香警告是什么梗真香警告，网络语，该词多用来形容沉迷某样事物、或者是吐槽被啪啪打脸梗。尤其是相关的真香警告表情包，经常被大家用作吐槽神器。真香警告出处该词最早出自《变形记》里面城市主人公王境泽初到农村家庭时撂下的狠话“我王境泽就是饿死，死外面，从这跳下去，不会吃你们一点东西！”，后面又端着碗边吃边感慨“真香”，这样一段啪啪打脸的搞笑情节，节目播出之后该段视频内容被网友们制作成了相关表情包开始不断在网络上传播开来。真香警告发展经历2018年3月份走红的一个可以在线制作沙雕表情的网站，共有6套模板可以
你号没了,你号没了是什么梗你号没了，意思就是警告你小心账号没了，或者被封了。完整句式是“你再说一句，你号没了，信吗”。你号没了，此语出自LOL第一梗王——厂长clearlove7，是厂长在游戏中对一位黑粉说的。现如今三人偶像团体“再号信”逐渐过气，核心成员“你号没了”决定单飞，一出道便收获巨大关注，网络上的大街小巷都有人刷着“你号没了”的梗。例如前段时间IG老板王思聪吃热狗的照片被疯狂P图，对于胆敢用相关图片和热狗梗来黑王思聪的人，网友们纷纷警告“你号没了”。你号没了是什么梗?封号是不可能封号的，这辈子都不
可以但没必要,可以但没必要是什么梗可以但没必要，该梗是出自猪猪山泥若之口——“这波我可以单杀他，但没必要”。可以单杀却没必要单杀，这个比装的理直气壮，又散发着一股云淡风轻，如此举重若轻，难怪能被保安们引为经典口口相传。观看此次英雄联盟S8比赛时，经常可以看到弹幕刷“可以X 但没必要&quot;这样的句式，例如“可以杀 但没必要”“可以闪 但没必要”“可以拿大龙 但没必要”。可以但没必要，从LOL圈火到炉石圈、dota圈、吃鸡圈等等，直到现今火遍全网。可以但没必要，曾经小火过一段时间，在今年MSI的一场比赛中，麻辣香锅打
家乡的sakura开了,家乡的sakura开了是什么梗家乡的sakura开了，其实这是一种最近比较流行的玩梗方式，用来调侃对方的家乡在日本。在弹幕里或者评论里，常见的譬如“川桑 家乡的sakura开了”“包桑 不回去看看吗”。樱花是日本的国花，家乡樱花盛开，那家乡自然是日本，可以推理出此人属实日本人。在现实生活中，日本人是骂架用的粗鄙之语，但在神奇的LOL电竞圈，日本人通常是用来玩梗的，即通过玩梗来调侃主播是日本人。如何来调侃主播是日本人通常有两种方式，一种是给主播起日本名来明示，例如山本国玉(电棍)、疼痒次郎(山泥若)
开始自闭,开始自闭是什么梗开始自闭，就是形容这个人开始消极、倾颓、语言障碍、智力障碍等状态。经常在直播间出现自闭梗的弹幕，例如“主播自闭了”“开始自闭”“被打自闭了”等。其中自闭这两个字来源于自闭症，形容词，说一个人自闭就是表示这人处在一种消极倾颓的状态。由于自闭并不是原创词汇，所以很难考究其确切的出处。但是，造梗的过程中，肯定少不了嗨粉和疼痒集团的推波助澜，从传播得比较多的两句话就能看出来——“嗨粉人均自闭症”“疼痒集团人均自闭”。自闭梗是怎么火的一个梗只有当大家都知道且都乐意去玩的时候，这个梗才能火。因
我自闭了,我自闭了是是什么梗我自闭了，就是调侃自己开始消极、倾颓等状态了。通常是用来表达自己被打击到了，开始没有信心了。经常在直播间出现自闭梗的弹幕，例如“主播自闭了”“开始自闭”“被打自闭了”等。其中自闭这两个字来源于自闭症，形容词，说一个人自闭就是表示这人处在一种消极倾颓的状态。在游戏里一般是指没有得到自己想要的结果，比如，游戏一直是逆风局，打架时被被人揍得很惨，抽取活动奖励总是抽不到等情况。通常是用来表达自己被打击到了，开始没有信心了。游戏里的哪些人容易自闭打游戏遇到逆风不顺心的局，突然不说话的那一般
自闭,自闭是什么梗自闭，来源于自闭症，形容词，说一个人自闭就是表示这人处在一种消极倾颓的状态。由于自闭并不是原创词汇，所以很难考究其确切的出处。但是，造梗的过程中，肯定少不了嗨粉和疼痒集团的推波助澜，从传播得比较多的两句话就能看出来——“嗨粉人均自闭症”“疼痒集团人均自闭”。自闭，是最近比较火的一个梗，经常在直播间出现自闭梗的弹幕，例如“主播自闭了”“开始自闭”“被打自闭了”等。自闭梗是怎么产生，又是怎么火起来的呢?自闭梗是怎么火的一个梗只有当大家都知道且都乐意去玩的时候，这个梗才能火。因此谈到自闭梗的
得不到我的认可,得不到我的认可是什么梗得不到我的认可，完整句是“拿不到S赛冠军，RNG永远也得不到我的认可”。得不到我的认可，该梗是亚运会之后的RNG比赛里，由于RNG的粉丝数量占据绝大多数，所以直播间的弹幕鲜有喷RNG的。这时候，一条存在感十足的弹幕诞生了——“拿不到S赛冠军，RNG永远也得不到我的认可”。LPL春季赛已经打响，弹幕带哥们的键盘早已饥渴难耐了。几天比赛下来，果不其然，弹幕上关于RNG的节奏是最多的，新科S赛冠军IG的节奏第二多。2018是LPL最有希望拿S赛冠军的一年，因为有RNG。国内战绩不谈
搞快点,搞快点是什么梗搞快点，缩写形式是gkd。搞快点，在口语中本来就有，而它真正成为一个梗来使用时，是在2017年的抽象TV和修车TV贴吧。这两个贴吧都是抽象工作室的嗨粉们的聚集地，平常会讨论一些男人本色的事情。例如楼主发了一张美女动图，却“留图不留种”，楼下就会有人回复“搞快点”，催促有识之人把车牌号交出来，而且为达目的可以用“搞快点”疯狂盖楼。从这里可以看出来搞快点这招很好用，而且言简意赅又朗朗上口，所以搞快点就成了吧友们的日常用语，一天不搞快点，就浑身不虚浮。搞快点生于求种，长于万用，后来不仅仅局
那你很棒哦,那你很棒哦是什么梗那你很棒哦，该词跟老司机开车一点关系都没有，字面意思就是你很厉害，但是实际上是该词并不是真心的夸赞的意思，常常包含调侃和讽刺对方的行为有点儿智障、让人无语等等贬义的意思，也常被用作“那你很棒棒哦~”“那你很他妈棒哦~”的形式。那你很棒哦的出处在哪网上关于该词最早的出处的说法据传源自于一游戏，有个人花了点小钱开了个东西然后吹自己是很多钱开出来的，然后被各种土豪打脸，他被打一次脸就回一句“那你很棒哦”，该词因此走红于网络。最近该词再一次受到大家的关注是因为一组“那你很棒哦”表情包，被
奶茶肚,奶茶肚是什么梗奶茶肚，网络流行语，常用来吐槽喜欢喝奶茶的朋友以后肚子发胖，别的女孩子是水做的，我和我的朋友是奶茶做的。该词出自微博网友@猕猴桃好酸呀发布的一条博文“如今我们不担心自己有什么啤酒肚了，应该担心的是奶茶肚。”，时间是在2018年的月26日。该词甚至也一度登上了微博热搜榜，成为广受关注的网络词汇。“奶茶”作为肥胖标志其实是由来已久，但是作为网络梗的走红还得全靠了对奶茶爱不释手的周杰伦，让网友们不得不吐槽“游泳健身了解一下”。奶茶肚的产生，出现了许多相关的“纯牛奶肚”、“可乐肚”、“雪碧肚
gkd,gkd是什么梗gkd，是搞快点的字母形式，其变形原理，正如之于看看批一样。gkd，在口语中搞快点本来就有，而它真正成为一个梗来使用时，是在2017年的抽象TV和修车TV贴吧。这两个贴吧都是抽象工作室的嗨粉们的聚集地，平常会讨论一些男人本色的事情。例如楼主发了一张美女动图，却“留图不留种”，楼下就会有人回复“搞快点”，催促有识之人把车牌号交出来，而且为达目的可以用“搞快点”疯狂盖楼。从这里可以看出来搞快点这招很好用，而且言简意赅又朗朗上口，所以搞快点就成了吧友们的日常用语，一天不搞快点，就浑身不虚浮
滚出克,滚出克是什么梗滚出克是“滚出去”的方言版谐音，国内云南、贵州、湖南等地，都有将“去”念做“克”的方言。与其滚出克是一个梗，不如说是一种网络用语，更为恰当些。具有同样含义的“滚粗”，则是一种过气的网络用语。滚出克的出处滚出克诞生于网络直播亚文化发源地——斗鱼TV，为斗鱼大主播的粉丝之间互相掐架时所用，例如主播A的粉丝在主播B的直播间带节奏，引起主播B粉丝的不满，弹幕就会刷“XXX滚出可”，另外有时候“大贵族”引发民愤，弹幕也会刷“皇帝滚出可”“伯爵滚出克”诸如此类。笔者最早见过的“大规模滚出克攻击”
gck,gck是什么梗gck，是带哥们混贴吧的一个常用语，gck的意思就是滚出克，取这三个字的首字母，缩写而成，好比之于搞快点(gkd)一样。别人对你说gck，就是让你滚出去，通常是一种玩梗式的玩笑，当然有时候也是真心想让你滚。最后，gck和gkd(搞快点)比较像，很容易看错。
kkp,kkp是什么梗kkp，是“看看批”的谐音，是一句脏话，就是看看你下面生殖器的意思。这里的批和四川话中的妈卖批一样。有段时间抽象TV贴吧里流行骗女生批照，然后就有了看看批的梗。看看批三个字过于粗暴直白，转
看看批,看看批是什么梗看看批，简称kkp，是一句脏话，就是看看你下面生殖器的意思。这里的批和四川话中的妈卖批一样。有段时间抽象TV贴吧里流行骗女生批照，然后就有了看看批的梗。看看批三个字过于粗暴直白，转换成kk
盘她,盘她是什么梗盘她，一是撩她的意思；二是揍她的意思。我想盘你/盘她/盘他：1、想盘你/盘她/盘他，理解为撩你/撩她/撩他（如果盘的对象是好看的小姐姐小哥哥的时候）。2、想盘你/盘她/盘他，如果是对方做了让自己生气的事情也可以理解为想要揍你/揍她/揍他。（生气了哼哼哼）盘，这个词是真正被网友玩坏了，微博话题#把歌曲名字中的某个字改成盘#，给这个词赋予了更多新的含义。盘我这样的人——毛不易死了都要盘——信乐团突然想盘你 —— 萧亚轩漂洋过海来盘你——金智娟(娃娃)我好像在哪里盘过你——薛之谦你就不要想盘
我怀疑你在搞黄色但是我没有证据,我怀疑你在搞黄色但是我没有证据是什么梗该梗和“这不是去幼儿园的车”有着异曲同工的妙处，主要是说我知道你在说污话，可是我没有证据揭发你，这多憋人啊，所以就算没有证据我也要说出来~！！！我怀疑你在搞黄色但是我没有证据出处：老司机和开车这两个词出自云南山歌《老司机带带我》，这是一首经典而怪诞的云南山歌。后来网络上出现了一段基于此曲的音乐视频《风流妹逗老司机》。而“我怀疑你在开车，但是我没有证据”自然也是出自《老司机带带我》。开车这个词是我们平时在生活中经常能听到的一个词，泛指说话很污的人，最经典的用法就
盘你,盘你是什么梗想盘你/盘她/盘他：1、想盘你/盘她/盘他，理解为撩你/撩她/撩他（如果盘的对象是好看的小姐姐小哥哥的时候）。2、想盘你/盘她/盘他，如果是对方做了让自己生气的事情也可以理解为想要揍你/揍她/揍他。（生气了哼哼哼）盘，这个词是真正被网友玩坏了，微博话题#把歌曲名字中的某个字改成盘#，给这个词赋予了更多新的含义。盘我这样的人——毛不易死了都要盘——信乐团突然想盘你 —— 萧亚轩漂洋过海来盘你——金智娟(娃娃)我好像在哪里盘过你——薛之谦你就不要想盘我——田馥甄需要人盘——王力宏盘你一万年
搞黄色,搞黄色是什么梗搞黄色，指和色情相关的污污的内容。包括但不限于讲黄段子、发小黄图、说黄色暗示、搞黄色擦边球。&amp;nbsp;搞黄色，经常被用在“我怀疑你在开车 但我没有证据”梗中，组成“我怀疑你在搞黄色，但我没有证据”的成句。&amp;nbsp;搞黄色，火于主播药水哥的口癖，他在连麦中高频使用&quot;你是不是搞黄色/不要搞黄色&quot;应对故意发擦边球内容的粉丝，由于他神奇而浮夸的直播风格，许多录播中都曾有他反复强调“搞黄色”一词的内容，其中有一段夸张的王八拳连打尤为著名。搞黄色完整句完整句是“我怀疑你在搞黄色但是我没有
这不是去幼儿园的车,这不是去幼儿园的车是什么梗该词作为网络语，常见的完整说法是“这不是去幼儿园的车，我要下车”。字面意思是指有些人把自己比喻成高龄的幼儿园小朋友，表示自己不想上这样的车。引申的含义就是形容看到了某些很污的内容，而用该梗来表明自己很纯洁还是个宝宝，用来形成一种搞笑的反差效果。也有一种说法是套路太深了，跟不上套路要下车。“这不是去幼儿园的车”出处在哪该梗跟“一言不合就开车”的梗息息相关。 “开车”通常指的就是一些，也就是比较黄比较污的内容，该梗也是就此衍生而来。“这不是去幼儿园的车”发展经历关于“幼儿园车
蹦野迪,蹦野迪是什么梗蹦野迪，意思是指啥都不懂，闷头乱蹦。既没有套路也跟不上节奏，满场地的乱甩。 如果非要找出一个和 &quot; 蹦野迪 &quot; 类似贴切的词儿，那大概只有 &quot; 山驴逼 &quot; 可以与之一较高下了。渣女蹦野迪，意思是调侃蹦野迪的都是渣女。蹦野迪，是指啥都不懂，闷头乱蹦。既没有套路也跟不上节奏，满场地的乱甩。渣女蹦野迪完整句“渣男会呼吸，渣女蹦野迪，绿茶交际花，微辣黄焖鸡，直男爱萝莉，直女恋腹肌，而我不一样，深情又专一。”这是在抖音上很流行的句子，很押韵哦。
渣男会呼吸,渣男会呼吸是什么梗渣男会呼吸，意思是调侃会呼吸的都是渣男。渣男会呼吸，完整句是：“渣男会呼吸，渣女蹦野迪，绿茶交际花，微辣黄焖鸡，直男爱萝莉，直女恋腹肌，而我不一样，深情又专一。”这是在抖音上很流行的句子，很押韵哦。渣男会呼吸，和之前在抖音上流行的渣男锡纸烫，渣女大波浪，绿茶公主切类似。
